episode,cycle,round,ticker,reward,steps,epsilon_end,mean_loss,last_loss,learn_steps,target_updates,replay_size
24,1,2,CC,-8.758918,2233,0.290004,0.001337,0.000976,12177,12,5000
24,1,2,DA,-9.590495,2232,0.290004,0.001337,0.000976,12177,12,5000
24,1,2,GI,-12.639843,2240,0.290004,0.001337,0.000976,12177,12,5000
24,1,2,JO,-5.23018,2234,0.290004,0.001337,0.000976,12177,12,5000
24,1,2,KC,-8.377928,2233,0.290004,0.001337,0.000976,12177,12,5000
24,1,2,KW,-12.952951,2240,0.290004,0.001337,0.000976,12177,12,5000
24,1,2,LB,-10.206365,2237,0.290004,0.001337,0.000976,12177,12,5000
24,1,2,NR,-9.377298,2240,0.290004,0.001337,0.000976,12177,12,5000
24,1,2,SB,-6.95897,2233,0.290004,0.001337,0.000976,12177,12,5000
24,1,2,ZC,-10.100125,2240,0.290004,0.001337,0.000976,12177,12,5000
24,1,2,ZF,-31.738636,2240,0.290004,0.001337,0.000976,12177,12,5000
24,1,2,ZG,-11.034359,2239,0.290004,0.001337,0.000976,12177,12,5000
24,1,2,ZH,-7.135823,2237,0.290004,0.001337,0.000976,12177,12,5000
24,1,2,ZI,-9.048502,2239,0.290004,0.001337,0.000976,12177,12,5000
24,1,2,ZK,-9.532998,2238,0.290004,0.001337,0.000976,12177,12,5000
24,1,2,ZL,-8.4691,2240,0.290004,0.001337,0.000976,12177,12,5000
24,1,2,ZO,-7.667554,2239,0.290004,0.001337,0.000976,12177,12,5000
24,1,2,ZP,-11.95348,2239,0.290004,0.001337,0.000976,12177,12,5000
24,1,2,ZR,-16.410292,2240,0.290004,0.001337,0.000976,12177,12,5000
24,1,2,ZT,-10.625491,2240,0.290004,0.001337,0.000976,12177,12,5000
24,1,2,ZU,-8.983969,2235,0.290004,0.001337,0.000976,12177,12,5000
24,1,2,ZW,-19.961274,2240,0.290004,0.001337,0.000976,12177,12,5000
24,1,2,ZZ,-9.977006,2240,0.290004,0.001337,0.000976,12177,12,5000
24,1,2,ZN,-13.586727,2236,0.290004,0.001337,0.000976,12177,12,5000
48,2,2,CC,-4.486665,2233,0.280009,0.001545,0.001242,25603,25,5000
48,2,2,DA,-7.780156,2232,0.280009,0.001545,0.001242,25603,25,5000
48,2,2,GI,-8.452396,2240,0.280009,0.001545,0.001242,25603,25,5000
48,2,2,JO,-2.514129,2234,0.280009,0.001545,0.001242,25603,25,5000
48,2,2,KC,-4.640006,2233,0.280009,0.001545,0.001242,25603,25,5000
48,2,2,KW,-8.372337,2240,0.280009,0.001545,0.001242,25603,25,5000
48,2,2,LB,-7.121686,2237,0.280009,0.001545,0.001242,25603,25,5000
48,2,2,NR,-9.799424,2240,0.280009,0.001545,0.001242,25603,25,5000
48,2,2,SB,-6.821922,2233,0.280009,0.001545,0.001242,25603,25,5000
48,2,2,ZC,-4.913049,2240,0.280009,0.001545,0.001242,25603,25,5000
48,2,2,ZF,-24.489781,2240,0.280009,0.001545,0.001242,25603,25,5000
48,2,2,ZG,-7.32827,2239,0.280009,0.001545,0.001242,25603,25,5000
48,2,2,ZH,-6.649434,2237,0.280009,0.001545,0.001242,25603,25,5000
48,2,2,ZI,-8.403189,2239,0.280009,0.001545,0.001242,25603,25,5000
48,2,2,ZK,-8.697032,2238,0.280009,0.001545,0.001242,25603,25,5000
48,2,2,ZL,-8.931044,2240,0.280009,0.001545,0.001242,25603,25,5000
48,2,2,ZO,-6.244556,2239,0.280009,0.001545,0.001242,25603,25,5000
48,2,2,ZP,-4.80165,2239,0.280009,0.001545,0.001242,25603,25,5000
48,2,2,ZR,-13.050926,2240,0.280009,0.001545,0.001242,25603,25,5000
48,2,2,ZT,-13.738501,2240,0.280009,0.001545,0.001242,25603,25,5000
48,2,2,ZU,-8.942992,2235,0.280009,0.001545,0.001242,25603,25,5000
48,2,2,ZW,-13.998741,2240,0.280009,0.001545,0.001242,25603,25,5000
48,2,2,ZZ,-11.568387,2240,0.280009,0.001545,0.001242,25603,25,5000
48,2,2,ZN,-14.472562,2236,0.280009,0.001545,0.001242,25603,25,5000
72,3,2,CC,-6.43477,2233,0.270013,0.001385,0.000716,39029,39,5000
72,3,2,DA,-8.705852,2232,0.270013,0.001385,0.000716,39029,39,5000
72,3,2,GI,-6.825307,2240,0.270013,0.001385,0.000716,39029,39,5000
72,3,2,JO,-2.246472,2234,0.270013,0.001385,0.000716,39029,39,5000
72,3,2,KC,-4.756471,2233,0.270013,0.001385,0.000716,39029,39,5000
72,3,2,KW,-9.213574,2240,0.270013,0.001385,0.000716,39029,39,5000
72,3,2,LB,-6.683619,2237,0.270013,0.001385,0.000716,39029,39,5000
72,3,2,NR,-7.483223,2240,0.270013,0.001385,0.000716,39029,39,5000
72,3,2,SB,-7.199224,2233,0.270013,0.001385,0.000716,39029,39,5000
72,3,2,ZC,-6.327228,2240,0.270013,0.001385,0.000716,39029,39,5000
72,3,2,ZF,-26.652239,2240,0.270013,0.001385,0.000716,39029,39,5000
72,3,2,ZG,-6.097761,2239,0.270013,0.001385,0.000716,39029,39,5000
72,3,2,ZH,-6.3066,2237,0.270013,0.001385,0.000716,39029,39,5000
72,3,2,ZI,-7.58497,2239,0.270013,0.001385,0.000716,39029,39,5000
72,3,2,ZK,-9.689383,2238,0.270013,0.001385,0.000716,39029,39,5000
72,3,2,ZL,-10.429539,2240,0.270013,0.001385,0.000716,39029,39,5000
72,3,2,ZO,-6.76656,2239,0.270013,0.001385,0.000716,39029,39,5000
72,3,2,ZP,-8.497611,2239,0.270013,0.001385,0.000716,39029,39,5000
72,3,2,ZR,-15.22876,2240,0.270013,0.001385,0.000716,39029,39,5000
72,3,2,ZT,-9.031363,2240,0.270013,0.001385,0.000716,39029,39,5000
72,3,2,ZU,-6.570336,2235,0.270013,0.001385,0.000716,39029,39,5000
72,3,2,ZW,-16.573512,2240,0.270013,0.001385,0.000716,39029,39,5000
72,3,2,ZZ,-8.56566,2240,0.270013,0.001385,0.000716,39029,39,5000
72,3,2,ZN,-12.278686,2236,0.270013,0.001385,0.000716,39029,39,5000
96,4,2,CC,-4.882884,2233,0.260018,0.001295,0.001089,52455,52,5000
96,4,2,DA,-7.957352,2232,0.260018,0.001295,0.001089,52455,52,5000
96,4,2,GI,-8.282693,2240,0.260018,0.001295,0.001089,52455,52,5000
96,4,2,JO,-5.597339,2234,0.260018,0.001295,0.001089,52455,52,5000
96,4,2,KC,-6.551627,2233,0.260018,0.001295,0.001089,52455,52,5000
96,4,2,KW,-10.178862,2240,0.260018,0.001295,0.001089,52455,52,5000
96,4,2,LB,-4.558826,2237,0.260018,0.001295,0.001089,52455,52,5000
96,4,2,NR,-4.813176,2240,0.260018,0.001295,0.001089,52455,52,5000
96,4,2,SB,-5.762076,2233,0.260018,0.001295,0.001089,52455,52,5000
96,4,2,ZC,-1.258906,2240,0.260018,0.001295,0.001089,52455,52,5000
96,4,2,ZF,-20.199539,2240,0.260018,0.001295,0.001089,52455,52,5000
96,4,2,ZG,-8.625546,2239,0.260018,0.001295,0.001089,52455,52,5000
96,4,2,ZH,-5.854947,2237,0.260018,0.001295,0.001089,52455,52,5000
96,4,2,ZI,-9.046882,2239,0.260018,0.001295,0.001089,52455,52,5000
96,4,2,ZK,-5.534371,2238,0.260018,0.001295,0.001089,52455,52,5000
96,4,2,ZL,-9.640931,2240,0.260018,0.001295,0.001089,52455,52,5000
96,4,2,ZO,-7.112758,2239,0.260018,0.001295,0.001089,52455,52,5000
96,4,2,ZP,-8.625587,2239,0.260018,0.001295,0.001089,52455,52,5000
96,4,2,ZR,-10.508385,2240,0.260018,0.001295,0.001089,52455,52,5000
96,4,2,ZT,-11.797996,2240,0.260018,0.001295,0.001089,52455,52,5000
96,4,2,ZU,-6.217264,2235,0.260018,0.001295,0.001089,52455,52,5000
96,4,2,ZW,-9.748634,2240,0.260018,0.001295,0.001089,52455,52,5000
96,4,2,ZZ,-9.137866,2240,0.260018,0.001295,0.001089,52455,52,5000
96,4,2,ZN,-11.646972,2236,0.260018,0.001295,0.001089,52455,52,5000
120,5,2,CC,-4.975647,2233,0.250022,0.001479,0.0009,65881,65,5000
120,5,2,DA,-10.414064,2232,0.250022,0.001479,0.0009,65881,65,5000
120,5,2,GI,-6.574864,2240,0.250022,0.001479,0.0009,65881,65,5000
120,5,2,JO,-3.418463,2234,0.250022,0.001479,0.0009,65881,65,5000
120,5,2,KC,-7.635291,2233,0.250022,0.001479,0.0009,65881,65,5000
120,5,2,KW,-10.720682,2240,0.250022,0.001479,0.0009,65881,65,5000
120,5,2,LB,-2.855526,2237,0.250022,0.001479,0.0009,65881,65,5000
120,5,2,NR,-7.649694,2240,0.250022,0.001479,0.0009,65881,65,5000
120,5,2,SB,-3.855098,2233,0.250022,0.001479,0.0009,65881,65,5000
120,5,2,ZC,-7.661311,2240,0.250022,0.001479,0.0009,65881,65,5000
120,5,2,ZF,-23.958835,2240,0.250022,0.001479,0.0009,65881,65,5000
120,5,2,ZG,-9.865448,2239,0.250022,0.001479,0.0009,65881,65,5000
120,5,2,ZH,-5.158144,2237,0.250022,0.001479,0.0009,65881,65,5000
120,5,2,ZI,-7.089218,2239,0.250022,0.001479,0.0009,65881,65,5000
120,5,2,ZK,-5.994666,2238,0.250022,0.001479,0.0009,65881,65,5000
120,5,2,ZL,-7.424193,2240,0.250022,0.001479,0.0009,65881,65,5000
120,5,2,ZO,-5.704833,2239,0.250022,0.001479,0.0009,65881,65,5000
120,5,2,ZP,-7.736849,2239,0.250022,0.001479,0.0009,65881,65,5000
120,5,2,ZR,-11.304627,2240,0.250022,0.001479,0.0009,65881,65,5000
120,5,2,ZT,-13.541845,2240,0.250022,0.001479,0.0009,65881,65,5000
120,5,2,ZU,-6.571202,2235,0.250022,0.001479,0.0009,65881,65,5000
120,5,2,ZW,-11.302191,2240,0.250022,0.001479,0.0009,65881,65,5000
120,5,2,ZZ,-9.60988,2240,0.250022,0.001479,0.0009,65881,65,5000
120,5,2,ZN,-12.104245,2236,0.250022,0.001479,0.0009,65881,65,5000
144,6,2,CC,-6.616329,2233,0.240027,0.001507,0.00107,79307,79,5000
144,6,2,DA,-5.584923,2232,0.240027,0.001507,0.00107,79307,79,5000
144,6,2,GI,-9.854172,2240,0.240027,0.001507,0.00107,79307,79,5000
144,6,2,JO,-1.121693,2234,0.240027,0.001507,0.00107,79307,79,5000
144,6,2,KC,-2.002053,2233,0.240027,0.001507,0.00107,79307,79,5000
144,6,2,KW,-11.321413,2240,0.240027,0.001507,0.00107,79307,79,5000
144,6,2,LB,-3.898608,2237,0.240027,0.001507,0.00107,79307,79,5000
144,6,2,NR,-6.793976,2240,0.240027,0.001507,0.00107,79307,79,5000
144,6,2,SB,-11.090455,2233,0.240027,0.001507,0.00107,79307,79,5000
144,6,2,ZC,-6.977946,2240,0.240027,0.001507,0.00107,79307,79,5000
144,6,2,ZF,-19.398302,2240,0.240027,0.001507,0.00107,79307,79,5000
144,6,2,ZG,-8.04132,2239,0.240027,0.001507,0.00107,79307,79,5000
144,6,2,ZH,-5.909844,2237,0.240027,0.001507,0.00107,79307,79,5000
144,6,2,ZI,-8.703691,2239,0.240027,0.001507,0.00107,79307,79,5000
144,6,2,ZK,-9.874823,2238,0.240027,0.001507,0.00107,79307,79,5000
144,6,2,ZL,-3.394859,2240,0.240027,0.001507,0.00107,79307,79,5000
144,6,2,ZO,-1.637162,2239,0.240027,0.001507,0.00107,79307,79,5000
144,6,2,ZP,-8.829045,2239,0.240027,0.001507,0.00107,79307,79,5000
144,6,2,ZR,-13.392887,2240,0.240027,0.001507,0.00107,79307,79,5000
144,6,2,ZT,-10.645622,2240,0.240027,0.001507,0.00107,79307,79,5000
144,6,2,ZU,-8.711831,2235,0.240027,0.001507,0.00107,79307,79,5000
144,6,2,ZW,-15.636522,2240,0.240027,0.001507,0.00107,79307,79,5000
144,6,2,ZZ,-7.547031,2240,0.240027,0.001507,0.00107,79307,79,5000
144,6,2,ZN,-11.588043,2236,0.240027,0.001507,0.00107,79307,79,5000
168,7,2,CC,-5.740891,2233,0.230031,0.00151,0.00108,92733,92,5000
168,7,2,DA,-3.764389,2232,0.230031,0.00151,0.00108,92733,92,5000
168,7,2,GI,-7.967686,2240,0.230031,0.00151,0.00108,92733,92,5000
168,7,2,JO,0.892691,2234,0.230031,0.00151,0.00108,92733,92,5000
168,7,2,KC,-7.599159,2233,0.230031,0.00151,0.00108,92733,92,5000
168,7,2,KW,-10.966056,2240,0.230031,0.00151,0.00108,92733,92,5000
168,7,2,LB,-4.367363,2237,0.230031,0.00151,0.00108,92733,92,5000
168,7,2,NR,-3.604266,2240,0.230031,0.00151,0.00108,92733,92,5000
168,7,2,SB,-5.48349,2233,0.230031,0.00151,0.00108,92733,92,5000
168,7,2,ZC,-6.951921,2240,0.230031,0.00151,0.00108,92733,92,5000
168,7,2,ZF,-19.45256,2240,0.230031,0.00151,0.00108,92733,92,5000
168,7,2,ZG,-3.065293,2239,0.230031,0.00151,0.00108,92733,92,5000
168,7,2,ZH,-5.170289,2237,0.230031,0.00151,0.00108,92733,92,5000
168,7,2,ZI,-4.037473,2239,0.230031,0.00151,0.00108,92733,92,5000
168,7,2,ZK,-9.036,2238,0.230031,0.00151,0.00108,92733,92,5000
168,7,2,ZL,-5.097482,2240,0.230031,0.00151,0.00108,92733,92,5000
168,7,2,ZO,-5.294192,2239,0.230031,0.00151,0.00108,92733,92,5000
168,7,2,ZP,-6.619729,2239,0.230031,0.00151,0.00108,92733,92,5000
168,7,2,ZR,-10.35624,2240,0.230031,0.00151,0.00108,92733,92,5000
168,7,2,ZT,-13.10196,2240,0.230031,0.00151,0.00108,92733,92,5000
168,7,2,ZU,-6.239145,2235,0.230031,0.00151,0.00108,92733,92,5000
168,7,2,ZW,-11.85939,2240,0.230031,0.00151,0.00108,92733,92,5000
168,7,2,ZZ,-5.455517,2240,0.230031,0.00151,0.00108,92733,92,5000
168,7,2,ZN,-11.960262,2236,0.230031,0.00151,0.00108,92733,92,5000
192,8,2,CC,-5.833563,2233,0.220036,0.001765,0.000303,106159,106,5000
192,8,2,DA,-6.038746,2232,0.220036,0.001765,0.000303,106159,106,5000
192,8,2,GI,-10.290909,2240,0.220036,0.001765,0.000303,106159,106,5000
192,8,2,JO,-6.276699,2234,0.220036,0.001765,0.000303,106159,106,5000
192,8,2,KC,-4.56553,2233,0.220036,0.001765,0.000303,106159,106,5000
192,8,2,KW,-9.370248,2240,0.220036,0.001765,0.000303,106159,106,5000
192,8,2,LB,-4.641065,2237,0.220036,0.001765,0.000303,106159,106,5000
192,8,2,NR,-4.968215,2240,0.220036,0.001765,0.000303,106159,106,5000
192,8,2,SB,-7.334584,2233,0.220036,0.001765,0.000303,106159,106,5000
192,8,2,ZC,-4.858868,2240,0.220036,0.001765,0.000303,106159,106,5000
192,8,2,ZF,-20.920137,2240,0.220036,0.001765,0.000303,106159,106,5000
192,8,2,ZG,-5.960016,2239,0.220036,0.001765,0.000303,106159,106,5000
192,8,2,ZH,-9.595588,2237,0.220036,0.001765,0.000303,106159,106,5000
192,8,2,ZI,-10.698441,2239,0.220036,0.001765,0.000303,106159,106,5000
192,8,2,ZK,-9.897405,2238,0.220036,0.001765,0.000303,106159,106,5000
192,8,2,ZL,-7.73842,2240,0.220036,0.001765,0.000303,106159,106,5000
192,8,2,ZO,-6.022665,2239,0.220036,0.001765,0.000303,106159,106,5000
192,8,2,ZP,-7.650939,2239,0.220036,0.001765,0.000303,106159,106,5000
192,8,2,ZR,-10.733164,2240,0.220036,0.001765,0.000303,106159,106,5000
192,8,2,ZT,-10.836583,2240,0.220036,0.001765,0.000303,106159,106,5000
192,8,2,ZU,-5.861389,2235,0.220036,0.001765,0.000303,106159,106,5000
192,8,2,ZW,-13.157522,2240,0.220036,0.001765,0.000303,106159,106,5000
192,8,2,ZZ,-7.374374,2240,0.220036,0.001765,0.000303,106159,106,5000
192,8,2,ZN,-13.364479,2236,0.220036,0.001765,0.000303,106159,106,5000
216,9,2,CC,-6.679699,2233,0.21004,0.001095,0.000508,119585,119,5000
216,9,2,DA,-8.509324,2232,0.21004,0.001095,0.000508,119585,119,5000
216,9,2,GI,-5.281391,2240,0.21004,0.001095,0.000508,119585,119,5000
216,9,2,JO,-3.879604,2234,0.21004,0.001095,0.000508,119585,119,5000
216,9,2,KC,-3.668469,2233,0.21004,0.001095,0.000508,119585,119,5000
216,9,2,KW,-10.320256,2240,0.21004,0.001095,0.000508,119585,119,5000
216,9,2,LB,-3.552037,2237,0.21004,0.001095,0.000508,119585,119,5000
216,9,2,NR,-5.916415,2240,0.21004,0.001095,0.000508,119585,119,5000
216,9,2,SB,-7.514669,2233,0.21004,0.001095,0.000508,119585,119,5000
216,9,2,ZC,-2.53434,2240,0.21004,0.001095,0.000508,119585,119,5000
216,9,2,ZF,-18.363948,2240,0.21004,0.001095,0.000508,119585,119,5000
216,9,2,ZG,-5.076359,2239,0.21004,0.001095,0.000508,119585,119,5000
216,9,2,ZH,-2.191942,2237,0.21004,0.001095,0.000508,119585,119,5000
216,9,2,ZI,-6.277087,2239,0.21004,0.001095,0.000508,119585,119,5000
216,9,2,ZK,-7.097196,2238,0.21004,0.001095,0.000508,119585,119,5000
216,9,2,ZL,-6.576877,2240,0.21004,0.001095,0.000508,119585,119,5000
216,9,2,ZO,-4.256921,2239,0.21004,0.001095,0.000508,119585,119,5000
216,9,2,ZP,-5.414616,2239,0.21004,0.001095,0.000508,119585,119,5000
216,9,2,ZR,-11.719204,2240,0.21004,0.001095,0.000508,119585,119,5000
216,9,2,ZT,-8.225829,2240,0.21004,0.001095,0.000508,119585,119,5000
216,9,2,ZU,-7.984867,2235,0.21004,0.001095,0.000508,119585,119,5000
216,9,2,ZW,-10.880728,2240,0.21004,0.001095,0.000508,119585,119,5000
216,9,2,ZZ,-7.392255,2240,0.21004,0.001095,0.000508,119585,119,5000
216,9,2,ZN,-9.430634,2236,0.21004,0.001095,0.000508,119585,119,5000
240,10,2,CC,-5.126943,2233,0.200045,0.001081,0.000455,133011,133,5000
240,10,2,DA,-9.0019,2232,0.200045,0.001081,0.000455,133011,133,5000
240,10,2,GI,-7.936591,2240,0.200045,0.001081,0.000455,133011,133,5000
240,10,2,JO,-3.616984,2234,0.200045,0.001081,0.000455,133011,133,5000
240,10,2,KC,-2.163586,2233,0.200045,0.001081,0.000455,133011,133,5000
240,10,2,KW,-10.324268,2240,0.200045,0.001081,0.000455,133011,133,5000
240,10,2,LB,-2.074824,2237,0.200045,0.001081,0.000455,133011,133,5000
240,10,2,NR,-6.114446,2240,0.200045,0.001081,0.000455,133011,133,5000
240,10,2,SB,-7.434716,2233,0.200045,0.001081,0.000455,133011,133,5000
240,10,2,ZC,-5.076189,2240,0.200045,0.001081,0.000455,133011,133,5000
240,10,2,ZF,-15.705965,2240,0.200045,0.001081,0.000455,133011,133,5000
240,10,2,ZG,-8.681827,2239,0.200045,0.001081,0.000455,133011,133,5000
240,10,2,ZH,-4.320578,2237,0.200045,0.001081,0.000455,133011,133,5000
240,10,2,ZI,-4.3298,2239,0.200045,0.001081,0.000455,133011,133,5000
240,10,2,ZK,-6.798269,2238,0.200045,0.001081,0.000455,133011,133,5000
240,10,2,ZL,-4.348586,2240,0.200045,0.001081,0.000455,133011,133,5000
240,10,2,ZO,-6.244756,2239,0.200045,0.001081,0.000455,133011,133,5000
240,10,2,ZP,-6.210804,2239,0.200045,0.001081,0.000455,133011,133,5000
240,10,2,ZR,-11.069877,2240,0.200045,0.001081,0.000455,133011,133,5000
240,10,2,ZT,-8.776739,2240,0.200045,0.001081,0.000455,133011,133,5000
240,10,2,ZU,-4.207945,2235,0.200045,0.001081,0.000455,133011,133,5000
240,10,2,ZW,-12.253748,2240,0.200045,0.001081,0.000455,133011,133,5000
240,10,2,ZZ,-5.002857,2240,0.200045,0.001081,0.000455,133011,133,5000
240,10,2,ZN,-6.879645,2236,0.200045,0.001081,0.000455,133011,133,5000
264,11,2,CC,-4.31404,2233,0.190049,0.000916,0.000539,146437,146,5000
264,11,2,DA,-3.085931,2232,0.190049,0.000916,0.000539,146437,146,5000
264,11,2,GI,-2.6701,2240,0.190049,0.000916,0.000539,146437,146,5000
264,11,2,JO,-4.759786,2234,0.190049,0.000916,0.000539,146437,146,5000
264,11,2,KC,-5.185887,2233,0.190049,0.000916,0.000539,146437,146,5000
264,11,2,KW,-7.014335,2240,0.190049,0.000916,0.000539,146437,146,5000
264,11,2,LB,-4.061091,2237,0.190049,0.000916,0.000539,146437,146,5000
264,11,2,NR,-3.445746,2240,0.190049,0.000916,0.000539,146437,146,5000
264,11,2,SB,-4.212583,2233,0.190049,0.000916,0.000539,146437,146,5000
264,11,2,ZC,-3.238684,2240,0.190049,0.000916,0.000539,146437,146,5000
264,11,2,ZF,-16.6857,2240,0.190049,0.000916,0.000539,146437,146,5000
264,11,2,ZG,-5.937122,2239,0.190049,0.000916,0.000539,146437,146,5000
264,11,2,ZH,-4.24739,2237,0.190049,0.000916,0.000539,146437,146,5000
264,11,2,ZI,-6.40819,2239,0.190049,0.000916,0.000539,146437,146,5000
264,11,2,ZK,-6.711978,2238,0.190049,0.000916,0.000539,146437,146,5000
264,11,2,ZL,-2.128857,2240,0.190049,0.000916,0.000539,146437,146,5000
264,11,2,ZO,-3.97237,2239,0.190049,0.000916,0.000539,146437,146,5000
264,11,2,ZP,-6.232696,2239,0.190049,0.000916,0.000539,146437,146,5000
264,11,2,ZR,-8.747036,2240,0.190049,0.000916,0.000539,146437,146,5000
264,11,2,ZT,-10.121923,2240,0.190049,0.000916,0.000539,146437,146,5000
264,11,2,ZU,-5.850838,2235,0.190049,0.000916,0.000539,146437,146,5000
264,11,2,ZW,-8.602174,2240,0.190049,0.000916,0.000539,146437,146,5000
264,11,2,ZZ,-6.195262,2240,0.190049,0.000916,0.000539,146437,146,5000
264,11,2,ZN,-10.416938,2236,0.190049,0.000916,0.000539,146437,146,5000
288,12,2,CC,-7.78841,2233,0.180054,0.001023,0.002387,159863,159,5000
288,12,2,DA,-7.493232,2232,0.180054,0.001023,0.002387,159863,159,5000
288,12,2,GI,-5.800353,2240,0.180054,0.001023,0.002387,159863,159,5000
288,12,2,JO,-3.423421,2234,0.180054,0.001023,0.002387,159863,159,5000
288,12,2,KC,-1.999878,2233,0.180054,0.001023,0.002387,159863,159,5000
288,12,2,KW,-9.632151,2240,0.180054,0.001023,0.002387,159863,159,5000
288,12,2,LB,-5.711653,2237,0.180054,0.001023,0.002387,159863,159,5000
288,12,2,NR,-4.060359,2240,0.180054,0.001023,0.002387,159863,159,5000
288,12,2,SB,-3.166597,2233,0.180054,0.001023,0.002387,159863,159,5000
288,12,2,ZC,-5.65499,2240,0.180054,0.001023,0.002387,159863,159,5000
288,12,2,ZF,-15.686287,2240,0.180054,0.001023,0.002387,159863,159,5000
288,12,2,ZG,-7.26706,2239,0.180054,0.001023,0.002387,159863,159,5000
288,12,2,ZH,-3.943804,2237,0.180054,0.001023,0.002387,159863,159,5000
288,12,2,ZI,-5.679006,2239,0.180054,0.001023,0.002387,159863,159,5000
288,12,2,ZK,-5.591113,2238,0.180054,0.001023,0.002387,159863,159,5000
288,12,2,ZL,-2.946929,2240,0.180054,0.001023,0.002387,159863,159,5000
288,12,2,ZO,-3.875648,2239,0.180054,0.001023,0.002387,159863,159,5000
288,12,2,ZP,-5.232985,2239,0.180054,0.001023,0.002387,159863,159,5000
288,12,2,ZR,-9.447662,2240,0.180054,0.001023,0.002387,159863,159,5000
288,12,2,ZT,-10.568274,2240,0.180054,0.001023,0.002387,159863,159,5000
288,12,2,ZU,-4.623928,2235,0.180054,0.001023,0.002387,159863,159,5000
288,12,2,ZW,-9.137759,2240,0.180054,0.001023,0.002387,159863,159,5000
288,12,2,ZZ,-5.300781,2240,0.180054,0.001023,0.002387,159863,159,5000
288,12,2,ZN,-8.553713,2236,0.180054,0.001023,0.002387,159863,159,5000
312,13,2,CC,-2.912099,2233,0.170058,0.000881,0.001418,173289,173,5000
312,13,2,DA,-6.18875,2232,0.170058,0.000881,0.001418,173289,173,5000
312,13,2,GI,-5.43126,2240,0.170058,0.000881,0.001418,173289,173,5000
312,13,2,JO,-4.996392,2234,0.170058,0.000881,0.001418,173289,173,5000
312,13,2,KC,-3.486018,2233,0.170058,0.000881,0.001418,173289,173,5000
312,13,2,KW,-9.83334,2240,0.170058,0.000881,0.001418,173289,173,5000
312,13,2,LB,-6.914161,2237,0.170058,0.000881,0.001418,173289,173,5000
312,13,2,NR,-5.022404,2240,0.170058,0.000881,0.001418,173289,173,5000
312,13,2,SB,-3.112907,2233,0.170058,0.000881,0.001418,173289,173,5000
312,13,2,ZC,-3.137861,2240,0.170058,0.000881,0.001418,173289,173,5000
312,13,2,ZF,-13.034537,2240,0.170058,0.000881,0.001418,173289,173,5000
312,13,2,ZG,-9.755153,2239,0.170058,0.000881,0.001418,173289,173,5000
312,13,2,ZH,-1.317081,2237,0.170058,0.000881,0.001418,173289,173,5000
312,13,2,ZI,-3.815852,2239,0.170058,0.000881,0.001418,173289,173,5000
312,13,2,ZK,-3.880178,2238,0.170058,0.000881,0.001418,173289,173,5000
312,13,2,ZL,-3.785582,2240,0.170058,0.000881,0.001418,173289,173,5000
312,13,2,ZO,0.41883,2239,0.170058,0.000881,0.001418,173289,173,5000
312,13,2,ZP,-5.431681,2239,0.170058,0.000881,0.001418,173289,173,5000
312,13,2,ZR,-7.241246,2240,0.170058,0.000881,0.001418,173289,173,5000
312,13,2,ZT,-6.525569,2240,0.170058,0.000881,0.001418,173289,173,5000
312,13,2,ZU,-4.146711,2235,0.170058,0.000881,0.001418,173289,173,5000
312,13,2,ZW,-8.252902,2240,0.170058,0.000881,0.001418,173289,173,5000
312,13,2,ZZ,-5.407858,2240,0.170058,0.000881,0.001418,173289,173,5000
312,13,2,ZN,-7.962917,2236,0.170058,0.000881,0.001418,173289,173,5000
336,14,2,CC,-2.455399,2233,0.160063,0.001255,0.001142,186715,186,5000
336,14,2,DA,-6.297295,2232,0.160063,0.001255,0.001142,186715,186,5000
336,14,2,GI,-4.559274,2240,0.160063,0.001255,0.001142,186715,186,5000
336,14,2,JO,-1.3034,2234,0.160063,0.001255,0.001142,186715,186,5000
336,14,2,KC,-3.720509,2233,0.160063,0.001255,0.001142,186715,186,5000
336,14,2,KW,-8.514265,2240,0.160063,0.001255,0.001142,186715,186,5000
336,14,2,LB,-3.976996,2237,0.160063,0.001255,0.001142,186715,186,5000
336,14,2,NR,-1.960064,2240,0.160063,0.001255,0.001142,186715,186,5000
336,14,2,SB,-2.085438,2233,0.160063,0.001255,0.001142,186715,186,5000
336,14,2,ZC,-3.858775,2240,0.160063,0.001255,0.001142,186715,186,5000
336,14,2,ZF,-17.326232,2240,0.160063,0.001255,0.001142,186715,186,5000
336,14,2,ZG,-4.186099,2239,0.160063,0.001255,0.001142,186715,186,5000
336,14,2,ZH,-5.28902,2237,0.160063,0.001255,0.001142,186715,186,5000
336,14,2,ZI,-5.436819,2239,0.160063,0.001255,0.001142,186715,186,5000
336,14,2,ZK,-6.66172,2238,0.160063,0.001255,0.001142,186715,186,5000
336,14,2,ZL,-4.72326,2240,0.160063,0.001255,0.001142,186715,186,5000
336,14,2,ZO,-2.519319,2239,0.160063,0.001255,0.001142,186715,186,5000
336,14,2,ZP,-2.957907,2239,0.160063,0.001255,0.001142,186715,186,5000
336,14,2,ZR,-7.547189,2240,0.160063,0.001255,0.001142,186715,186,5000
336,14,2,ZT,-8.722686,2240,0.160063,0.001255,0.001142,186715,186,5000
336,14,2,ZU,-1.502954,2235,0.160063,0.001255,0.001142,186715,186,5000
336,14,2,ZW,-7.179749,2240,0.160063,0.001255,0.001142,186715,186,5000
336,14,2,ZZ,-6.208897,2240,0.160063,0.001255,0.001142,186715,186,5000
336,14,2,ZN,-7.991555,2236,0.160063,0.001255,0.001142,186715,186,5000
360,15,2,CC,-6.180083,2233,0.150067,0.000874,0.000676,200141,200,5000
360,15,2,DA,-5.275299,2232,0.150067,0.000874,0.000676,200141,200,5000
360,15,2,GI,-4.504993,2240,0.150067,0.000874,0.000676,200141,200,5000
360,15,2,JO,-4.455821,2234,0.150067,0.000874,0.000676,200141,200,5000
360,15,2,KC,-7.197832,2233,0.150067,0.000874,0.000676,200141,200,5000
360,15,2,KW,-4.342974,2240,0.150067,0.000874,0.000676,200141,200,5000
360,15,2,LB,-4.154964,2237,0.150067,0.000874,0.000676,200141,200,5000
360,15,2,NR,-4.123993,2240,0.150067,0.000874,0.000676,200141,200,5000
360,15,2,SB,-3.774708,2233,0.150067,0.000874,0.000676,200141,200,5000
360,15,2,ZC,-1.420333,2240,0.150067,0.000874,0.000676,200141,200,5000
360,15,2,ZF,-13.335326,2240,0.150067,0.000874,0.000676,200141,200,5000
360,15,2,ZG,-6.527927,2239,0.150067,0.000874,0.000676,200141,200,5000
360,15,2,ZH,-1.923882,2237,0.150067,0.000874,0.000676,200141,200,5000
360,15,2,ZI,-5.66536,2239,0.150067,0.000874,0.000676,200141,200,5000
360,15,2,ZK,-3.736854,2238,0.150067,0.000874,0.000676,200141,200,5000
360,15,2,ZL,-2.821078,2240,0.150067,0.000874,0.000676,200141,200,5000
360,15,2,ZO,-1.126543,2239,0.150067,0.000874,0.000676,200141,200,5000
360,15,2,ZP,-4.90516,2239,0.150067,0.000874,0.000676,200141,200,5000
360,15,2,ZR,-8.564009,2240,0.150067,0.000874,0.000676,200141,200,5000
360,15,2,ZT,-6.970133,2240,0.150067,0.000874,0.000676,200141,200,5000
360,15,2,ZU,-3.399338,2235,0.150067,0.000874,0.000676,200141,200,5000
360,15,2,ZW,-5.66902,2240,0.150067,0.000874,0.000676,200141,200,5000
360,15,2,ZZ,-3.594688,2240,0.150067,0.000874,0.000676,200141,200,5000
360,15,2,ZN,-5.917404,2236,0.150067,0.000874,0.000676,200141,200,5000
384,16,2,CC,-5.48112,2233,0.140071,0.001213,0.003628,213567,213,5000
384,16,2,DA,-5.329334,2232,0.140071,0.001213,0.003628,213567,213,5000
384,16,2,GI,-7.098761,2240,0.140071,0.001213,0.003628,213567,213,5000
384,16,2,JO,-2.555832,2234,0.140071,0.001213,0.003628,213567,213,5000
384,16,2,KC,-3.128766,2233,0.140071,0.001213,0.003628,213567,213,5000
384,16,2,KW,-4.120984,2240,0.140071,0.001213,0.003628,213567,213,5000
384,16,2,LB,-1.516513,2237,0.140071,0.001213,0.003628,213567,213,5000
384,16,2,NR,-4.921656,2240,0.140071,0.001213,0.003628,213567,213,5000
384,16,2,SB,-1.191009,2233,0.140071,0.001213,0.003628,213567,213,5000
384,16,2,ZC,-3.889432,2240,0.140071,0.001213,0.003628,213567,213,5000
384,16,2,ZF,-16.250687,2240,0.140071,0.001213,0.003628,213567,213,5000
384,16,2,ZG,-5.457313,2239,0.140071,0.001213,0.003628,213567,213,5000
384,16,2,ZH,-1.896015,2237,0.140071,0.001213,0.003628,213567,213,5000
384,16,2,ZI,-1.28182,2239,0.140071,0.001213,0.003628,213567,213,5000
384,16,2,ZK,-2.34613,2238,0.140071,0.001213,0.003628,213567,213,5000
384,16,2,ZL,-2.212163,2240,0.140071,0.001213,0.003628,213567,213,5000
384,16,2,ZO,-3.458114,2239,0.140071,0.001213,0.003628,213567,213,5000
384,16,2,ZP,-3.877875,2239,0.140071,0.001213,0.003628,213567,213,5000
384,16,2,ZR,-10.171775,2240,0.140071,0.001213,0.003628,213567,213,5000
384,16,2,ZT,-7.557431,2240,0.140071,0.001213,0.003628,213567,213,5000
384,16,2,ZU,-4.018592,2235,0.140071,0.001213,0.003628,213567,213,5000
384,16,2,ZW,-6.073178,2240,0.140071,0.001213,0.003628,213567,213,5000
384,16,2,ZZ,-7.141007,2240,0.140071,0.001213,0.003628,213567,213,5000
384,16,2,ZN,-7.671178,2236,0.140071,0.001213,0.003628,213567,213,5000
408,17,2,CC,-2.785033,2233,0.130076,0.00129,0.000467,226993,226,5000
408,17,2,DA,-7.518436,2232,0.130076,0.00129,0.000467,226993,226,5000
408,17,2,GI,-5.735275,2240,0.130076,0.00129,0.000467,226993,226,5000
408,17,2,JO,-2.103416,2234,0.130076,0.00129,0.000467,226993,226,5000
408,17,2,KC,-5.314942,2233,0.130076,0.00129,0.000467,226993,226,5000
408,17,2,KW,-9.586981,2240,0.130076,0.00129,0.000467,226993,226,5000
408,17,2,LB,0.751326,2237,0.130076,0.00129,0.000467,226993,226,5000
408,17,2,NR,-5.102092,2240,0.130076,0.00129,0.000467,226993,226,5000
408,17,2,SB,-3.201242,2233,0.130076,0.00129,0.000467,226993,226,5000
408,17,2,ZC,-4.796925,2240,0.130076,0.00129,0.000467,226993,226,5000
408,17,2,ZF,-13.894399,2240,0.130076,0.00129,0.000467,226993,226,5000
408,17,2,ZG,-7.279779,2239,0.130076,0.00129,0.000467,226993,226,5000
408,17,2,ZH,-3.700012,2237,0.130076,0.00129,0.000467,226993,226,5000
408,17,2,ZI,-4.640394,2239,0.130076,0.00129,0.000467,226993,226,5000
408,17,2,ZK,-5.665767,2238,0.130076,0.00129,0.000467,226993,226,5000
408,17,2,ZL,-5.697485,2240,0.130076,0.00129,0.000467,226993,226,5000
408,17,2,ZO,-5.795332,2239,0.130076,0.00129,0.000467,226993,226,5000
408,17,2,ZP,-5.975843,2239,0.130076,0.00129,0.000467,226993,226,5000
408,17,2,ZR,-10.939627,2240,0.130076,0.00129,0.000467,226993,226,5000
408,17,2,ZT,-7.751716,2240,0.130076,0.00129,0.000467,226993,226,5000
408,17,2,ZU,-6.064087,2235,0.130076,0.00129,0.000467,226993,226,5000
408,17,2,ZW,-8.720965,2240,0.130076,0.00129,0.000467,226993,226,5000
408,17,2,ZZ,-3.64244,2240,0.130076,0.00129,0.000467,226993,226,5000
408,17,2,ZN,-5.050941,2236,0.130076,0.00129,0.000467,226993,226,5000
432,18,2,CC,-4.617921,2233,0.12008,0.000696,0.000341,240419,240,5000
432,18,2,DA,-2.577633,2232,0.12008,0.000696,0.000341,240419,240,5000
432,18,2,GI,-2.452887,2240,0.12008,0.000696,0.000341,240419,240,5000
432,18,2,JO,-2.44796,2234,0.12008,0.000696,0.000341,240419,240,5000
432,18,2,KC,-3.159266,2233,0.12008,0.000696,0.000341,240419,240,5000
432,18,2,KW,-6.526803,2240,0.12008,0.000696,0.000341,240419,240,5000
432,18,2,LB,1.849617,2237,0.12008,0.000696,0.000341,240419,240,5000
432,18,2,NR,-6.248151,2240,0.12008,0.000696,0.000341,240419,240,5000
432,18,2,SB,-5.059717,2233,0.12008,0.000696,0.000341,240419,240,5000
432,18,2,ZC,-0.30842,2240,0.12008,0.000696,0.000341,240419,240,5000
432,18,2,ZF,-13.221369,2240,0.12008,0.000696,0.000341,240419,240,5000
432,18,2,ZG,-3.56215,2239,0.12008,0.000696,0.000341,240419,240,5000
432,18,2,ZH,-0.605108,2237,0.12008,0.000696,0.000341,240419,240,5000
432,18,2,ZI,-4.103052,2239,0.12008,0.000696,0.000341,240419,240,5000
432,18,2,ZK,-3.648502,2238,0.12008,0.000696,0.000341,240419,240,5000
432,18,2,ZL,-3.561435,2240,0.12008,0.000696,0.000341,240419,240,5000
432,18,2,ZO,-2.899095,2239,0.12008,0.000696,0.000341,240419,240,5000
432,18,2,ZP,-4.608929,2239,0.12008,0.000696,0.000341,240419,240,5000
432,18,2,ZR,-3.952134,2240,0.12008,0.000696,0.000341,240419,240,5000
432,18,2,ZT,-5.05639,2240,0.12008,0.000696,0.000341,240419,240,5000
432,18,2,ZU,-3.975696,2235,0.12008,0.000696,0.000341,240419,240,5000
432,18,2,ZW,-6.21101,2240,0.12008,0.000696,0.000341,240419,240,5000
432,18,2,ZZ,-3.322174,2240,0.12008,0.000696,0.000341,240419,240,5000
432,18,2,ZN,-5.346275,2236,0.12008,0.000696,0.000341,240419,240,5000
456,19,2,CC,-1.674596,2233,0.110085,0.00087,0.001187,253845,253,5000
456,19,2,DA,-4.116071,2232,0.110085,0.00087,0.001187,253845,253,5000
456,19,2,GI,-1.14284,2240,0.110085,0.00087,0.001187,253845,253,5000
456,19,2,JO,-2.548507,2234,0.110085,0.00087,0.001187,253845,253,5000
456,19,2,KC,-1.994883,2233,0.110085,0.00087,0.001187,253845,253,5000
456,19,2,KW,-7.562228,2240,0.110085,0.00087,0.001187,253845,253,5000
456,19,2,LB,-2.953502,2237,0.110085,0.00087,0.001187,253845,253,5000
456,19,2,NR,-1.28767,2240,0.110085,0.00087,0.001187,253845,253,5000
456,19,2,SB,-3.643092,2233,0.110085,0.00087,0.001187,253845,253,5000
456,19,2,ZC,-2.571061,2240,0.110085,0.00087,0.001187,253845,253,5000
456,19,2,ZF,-11.951185,2240,0.110085,0.00087,0.001187,253845,253,5000
456,19,2,ZG,-4.542623,2239,0.110085,0.00087,0.001187,253845,253,5000
456,19,2,ZH,-3.752709,2237,0.110085,0.00087,0.001187,253845,253,5000
456,19,2,ZI,-1.510124,2239,0.110085,0.00087,0.001187,253845,253,5000
456,19,2,ZK,-4.038333,2238,0.110085,0.00087,0.001187,253845,253,5000
456,19,2,ZL,-1.282521,2240,0.110085,0.00087,0.001187,253845,253,5000
456,19,2,ZO,1.621018,2239,0.110085,0.00087,0.001187,253845,253,5000
456,19,2,ZP,-3.686101,2239,0.110085,0.00087,0.001187,253845,253,5000
456,19,2,ZR,-4.765503,2240,0.110085,0.00087,0.001187,253845,253,5000
456,19,2,ZT,-4.609513,2240,0.110085,0.00087,0.001187,253845,253,5000
456,19,2,ZU,-1.750243,2235,0.110085,0.00087,0.001187,253845,253,5000
456,19,2,ZW,-6.791164,2240,0.110085,0.00087,0.001187,253845,253,5000
456,19,2,ZZ,-2.510851,2240,0.110085,0.00087,0.001187,253845,253,5000
456,19,2,ZN,-7.84158,2236,0.110085,0.00087,0.001187,253845,253,5000
480,20,2,CC,-3.673932,2233,0.100089,0.001203,0.001625,267271,267,5000
480,20,2,DA,-1.613558,2232,0.100089,0.001203,0.001625,267271,267,5000
480,20,2,GI,-1.209765,2240,0.100089,0.001203,0.001625,267271,267,5000
480,20,2,JO,1.338852,2234,0.100089,0.001203,0.001625,267271,267,5000
480,20,2,KC,0.358909,2233,0.100089,0.001203,0.001625,267271,267,5000
480,20,2,KW,-7.98871,2240,0.100089,0.001203,0.001625,267271,267,5000
480,20,2,LB,-1.663647,2237,0.100089,0.001203,0.001625,267271,267,5000
480,20,2,NR,-4.645534,2240,0.100089,0.001203,0.001625,267271,267,5000
480,20,2,SB,-2.884473,2233,0.100089,0.001203,0.001625,267271,267,5000
480,20,2,ZC,-5.157638,2240,0.100089,0.001203,0.001625,267271,267,5000
480,20,2,ZF,-8.767274,2240,0.100089,0.001203,0.001625,267271,267,5000
480,20,2,ZG,-8.792855,2239,0.100089,0.001203,0.001625,267271,267,5000
480,20,2,ZH,-1.589306,2237,0.100089,0.001203,0.001625,267271,267,5000
480,20,2,ZI,-6.868034,2239,0.100089,0.001203,0.001625,267271,267,5000
480,20,2,ZK,-3.759606,2238,0.100089,0.001203,0.001625,267271,267,5000
480,20,2,ZL,-3.616509,2240,0.100089,0.001203,0.001625,267271,267,5000
480,20,2,ZO,-1.909436,2239,0.100089,0.001203,0.001625,267271,267,5000
480,20,2,ZP,-5.049325,2239,0.100089,0.001203,0.001625,267271,267,5000
480,20,2,ZR,-7.155418,2240,0.100089,0.001203,0.001625,267271,267,5000
480,20,2,ZT,-4.744322,2240,0.100089,0.001203,0.001625,267271,267,5000
480,20,2,ZU,-4.729829,2235,0.100089,0.001203,0.001625,267271,267,5000
480,20,2,ZW,-5.529458,2240,0.100089,0.001203,0.001625,267271,267,5000
480,20,2,ZZ,-2.411461,2240,0.100089,0.001203,0.001625,267271,267,5000
480,20,2,ZN,-6.743046,2236,0.100089,0.001203,0.001625,267271,267,5000
504,21,2,CC,-2.787842,2233,0.097689,0.00078,0.002079,280697,280,5000
504,21,2,DA,-1.414495,2232,0.097689,0.00078,0.002079,280697,280,5000
504,21,2,GI,-4.967958,2240,0.097689,0.00078,0.002079,280697,280,5000
504,21,2,JO,1.32936,2234,0.097689,0.00078,0.002079,280697,280,5000
504,21,2,KC,-2.494681,2233,0.097689,0.00078,0.002079,280697,280,5000
504,21,2,KW,-4.905806,2240,0.097689,0.00078,0.002079,280697,280,5000
504,21,2,LB,-2.482825,2237,0.097689,0.00078,0.002079,280697,280,5000
504,21,2,NR,-5.440078,2240,0.097689,0.00078,0.002079,280697,280,5000
504,21,2,SB,-3.499171,2233,0.097689,0.00078,0.002079,280697,280,5000
504,21,2,ZC,-5.249933,2240,0.097689,0.00078,0.002079,280697,280,5000
504,21,2,ZF,-9.790873,2240,0.097689,0.00078,0.002079,280697,280,5000
504,21,2,ZG,-3.73174,2239,0.097689,0.00078,0.002079,280697,280,5000
504,21,2,ZH,-4.097045,2237,0.097689,0.00078,0.002079,280697,280,5000
504,21,2,ZI,-3.355427,2239,0.097689,0.00078,0.002079,280697,280,5000
504,21,2,ZK,-2.803106,2238,0.097689,0.00078,0.002079,280697,280,5000
504,21,2,ZL,-3.237351,2240,0.097689,0.00078,0.002079,280697,280,5000
504,21,2,ZO,-0.582158,2239,0.097689,0.00078,0.002079,280697,280,5000
504,21,2,ZP,-3.571228,2239,0.097689,0.00078,0.002079,280697,280,5000
504,21,2,ZR,-8.209705,2240,0.097689,0.00078,0.002079,280697,280,5000
504,21,2,ZT,-4.390464,2240,0.097689,0.00078,0.002079,280697,280,5000
504,21,2,ZU,-3.302786,2235,0.097689,0.00078,0.002079,280697,280,5000
504,21,2,ZW,-6.81707,2240,0.097689,0.00078,0.002079,280697,280,5000
504,21,2,ZZ,-2.795108,2240,0.097689,0.00078,0.002079,280697,280,5000
504,21,2,ZN,-4.802394,2236,0.097689,0.00078,0.002079,280697,280,5000
528,22,2,CC,-1.62275,2233,0.095356,0.001055,0.000971,294123,294,5000
528,22,2,DA,-2.409661,2232,0.095356,0.001055,0.000971,294123,294,5000
528,22,2,GI,-3.65579,2240,0.095356,0.001055,0.000971,294123,294,5000
528,22,2,JO,-3.626708,2234,0.095356,0.001055,0.000971,294123,294,5000
528,22,2,KC,-2.347844,2233,0.095356,0.001055,0.000971,294123,294,5000
528,22,2,KW,-3.976086,2240,0.095356,0.001055,0.000971,294123,294,5000
528,22,2,LB,-1.409425,2237,0.095356,0.001055,0.000971,294123,294,5000
528,22,2,NR,-0.908665,2240,0.095356,0.001055,0.000971,294123,294,5000
528,22,2,SB,-2.771434,2233,0.095356,0.001055,0.000971,294123,294,5000
528,22,2,ZC,-2.55596,2240,0.095356,0.001055,0.000971,294123,294,5000
528,22,2,ZF,-13.543589,2240,0.095356,0.001055,0.000971,294123,294,5000
528,22,2,ZG,-5.253634,2239,0.095356,0.001055,0.000971,294123,294,5000
528,22,2,ZH,-0.427493,2237,0.095356,0.001055,0.000971,294123,294,5000
528,22,2,ZI,-3.596701,2239,0.095356,0.001055,0.000971,294123,294,5000
528,22,2,ZK,-3.613749,2238,0.095356,0.001055,0.000971,294123,294,5000
528,22,2,ZL,-4.67004,2240,0.095356,0.001055,0.000971,294123,294,5000
528,22,2,ZO,-4.709352,2239,0.095356,0.001055,0.000971,294123,294,5000
528,22,2,ZP,-3.393724,2239,0.095356,0.001055,0.000971,294123,294,5000
528,22,2,ZR,-3.753557,2240,0.095356,0.001055,0.000971,294123,294,5000
528,22,2,ZT,-2.246896,2240,0.095356,0.001055,0.000971,294123,294,5000
528,22,2,ZU,-0.780586,2235,0.095356,0.001055,0.000971,294123,294,5000
528,22,2,ZW,-6.075735,2240,0.095356,0.001055,0.000971,294123,294,5000
528,22,2,ZZ,-3.135118,2240,0.095356,0.001055,0.000971,294123,294,5000
528,22,2,ZN,-5.816673,2236,0.095356,0.001055,0.000971,294123,294,5000
552,23,2,CC,-2.523919,2233,0.093024,0.000541,0.000639,307549,307,5000
552,23,2,DA,-1.966992,2232,0.093024,0.000541,0.000639,307549,307,5000
552,23,2,GI,-2.920908,2240,0.093024,0.000541,0.000639,307549,307,5000
552,23,2,JO,-3.478163,2234,0.093024,0.000541,0.000639,307549,307,5000
552,23,2,KC,-4.914958,2233,0.093024,0.000541,0.000639,307549,307,5000
552,23,2,KW,-4.769643,2240,0.093024,0.000541,0.000639,307549,307,5000
552,23,2,LB,-3.009449,2237,0.093024,0.000541,0.000639,307549,307,5000
552,23,2,NR,-2.277041,2240,0.093024,0.000541,0.000639,307549,307,5000
552,23,2,SB,-0.047922,2233,0.093024,0.000541,0.000639,307549,307,5000
552,23,2,ZC,-3.427675,2240,0.093024,0.000541,0.000639,307549,307,5000
552,23,2,ZF,-8.038306,2240,0.093024,0.000541,0.000639,307549,307,5000
552,23,2,ZG,-2.273835,2239,0.093024,0.000541,0.000639,307549,307,5000
552,23,2,ZH,-2.900563,2237,0.093024,0.000541,0.000639,307549,307,5000
552,23,2,ZI,-3.412651,2239,0.093024,0.000541,0.000639,307549,307,5000
552,23,2,ZK,-2.334596,2238,0.093024,0.000541,0.000639,307549,307,5000
552,23,2,ZL,-2.956859,2240,0.093024,0.000541,0.000639,307549,307,5000
552,23,2,ZO,-2.451785,2239,0.093024,0.000541,0.000639,307549,307,5000
552,23,2,ZP,-3.483936,2239,0.093024,0.000541,0.000639,307549,307,5000
552,23,2,ZR,-5.578201,2240,0.093024,0.000541,0.000639,307549,307,5000
552,23,2,ZT,-5.396428,2240,0.093024,0.000541,0.000639,307549,307,5000
552,23,2,ZU,-2.049134,2235,0.093024,0.000541,0.000639,307549,307,5000
552,23,2,ZW,-5.239182,2240,0.093024,0.000541,0.000639,307549,307,5000
552,23,2,ZZ,-2.56769,2240,0.093024,0.000541,0.000639,307549,307,5000
552,23,2,ZN,-4.878143,2236,0.093024,0.000541,0.000639,307549,307,5000
576,24,2,CC,-5.880043,2233,0.090692,0.001165,0.002263,320975,320,5000
576,24,2,DA,-3.745091,2232,0.090692,0.001165,0.002263,320975,320,5000
576,24,2,GI,0.130408,2240,0.090692,0.001165,0.002263,320975,320,5000
576,24,2,JO,-1.279607,2234,0.090692,0.001165,0.002263,320975,320,5000
576,24,2,KC,-4.737969,2233,0.090692,0.001165,0.002263,320975,320,5000
576,24,2,KW,-6.637793,2240,0.090692,0.001165,0.002263,320975,320,5000
576,24,2,LB,-0.574791,2237,0.090692,0.001165,0.002263,320975,320,5000
576,24,2,NR,-3.852653,2240,0.090692,0.001165,0.002263,320975,320,5000
576,24,2,SB,-1.088132,2233,0.090692,0.001165,0.002263,320975,320,5000
576,24,2,ZC,-1.432692,2240,0.090692,0.001165,0.002263,320975,320,5000
576,24,2,ZF,-10.302797,2240,0.090692,0.001165,0.002263,320975,320,5000
576,24,2,ZG,-3.946387,2239,0.090692,0.001165,0.002263,320975,320,5000
576,24,2,ZH,-2.553302,2237,0.090692,0.001165,0.002263,320975,320,5000
576,24,2,ZI,-6.414978,2239,0.090692,0.001165,0.002263,320975,320,5000
576,24,2,ZK,-0.536011,2238,0.090692,0.001165,0.002263,320975,320,5000
576,24,2,ZL,-1.25206,2240,0.090692,0.001165,0.002263,320975,320,5000
576,24,2,ZO,0.555078,2239,0.090692,0.001165,0.002263,320975,320,5000
576,24,2,ZP,-1.734603,2239,0.090692,0.001165,0.002263,320975,320,5000
576,24,2,ZR,-5.683213,2240,0.090692,0.001165,0.002263,320975,320,5000
576,24,2,ZT,-4.119845,2240,0.090692,0.001165,0.002263,320975,320,5000
576,24,2,ZU,-0.960986,2235,0.090692,0.001165,0.002263,320975,320,5000
576,24,2,ZW,-4.839553,2240,0.090692,0.001165,0.002263,320975,320,5000
576,24,2,ZZ,-2.508449,2240,0.090692,0.001165,0.002263,320975,320,5000
576,24,2,ZN,-8.340559,2236,0.090692,0.001165,0.002263,320975,320,5000
600,25,2,CC,-5.215222,2233,0.088359,0.001691,0.001426,334401,334,5000
600,25,2,DA,-4.915273,2232,0.088359,0.001691,0.001426,334401,334,5000
600,25,2,GI,-5.336371,2240,0.088359,0.001691,0.001426,334401,334,5000
600,25,2,JO,-3.356246,2234,0.088359,0.001691,0.001426,334401,334,5000
600,25,2,KC,-5.587714,2233,0.088359,0.001691,0.001426,334401,334,5000
600,25,2,KW,-7.28982,2240,0.088359,0.001691,0.001426,334401,334,5000
600,25,2,LB,3.788815,2237,0.088359,0.001691,0.001426,334401,334,5000
600,25,2,NR,-1.222951,2240,0.088359,0.001691,0.001426,334401,334,5000
600,25,2,SB,-2.842884,2233,0.088359,0.001691,0.001426,334401,334,5000
600,25,2,ZC,-4.343351,2240,0.088359,0.001691,0.001426,334401,334,5000
600,25,2,ZF,-11.262221,2240,0.088359,0.001691,0.001426,334401,334,5000
600,25,2,ZG,-5.092699,2239,0.088359,0.001691,0.001426,334401,334,5000
600,25,2,ZH,-2.629607,2237,0.088359,0.001691,0.001426,334401,334,5000
600,25,2,ZI,-5.99676,2239,0.088359,0.001691,0.001426,334401,334,5000
600,25,2,ZK,-3.281352,2238,0.088359,0.001691,0.001426,334401,334,5000
600,25,2,ZL,-5.61244,2240,0.088359,0.001691,0.001426,334401,334,5000
600,25,2,ZO,-4.248088,2239,0.088359,0.001691,0.001426,334401,334,5000
600,25,2,ZP,-7.663852,2239,0.088359,0.001691,0.001426,334401,334,5000
600,25,2,ZR,-3.514632,2240,0.088359,0.001691,0.001426,334401,334,5000
600,25,2,ZT,-5.005627,2240,0.088359,0.001691,0.001426,334401,334,5000
600,25,2,ZU,-2.38555,2235,0.088359,0.001691,0.001426,334401,334,5000
600,25,2,ZW,-4.085102,2240,0.088359,0.001691,0.001426,334401,334,5000
600,25,2,ZZ,-0.27374,2240,0.088359,0.001691,0.001426,334401,334,5000
600,25,2,ZN,-3.186629,2236,0.088359,0.001691,0.001426,334401,334,5000
624,26,2,CC,-3.31305,2233,0.086027,0.000748,0.001331,347827,347,5000
624,26,2,DA,-3.79105,2232,0.086027,0.000748,0.001331,347827,347,5000
624,26,2,GI,-1.765321,2240,0.086027,0.000748,0.001331,347827,347,5000
624,26,2,JO,-1.035409,2234,0.086027,0.000748,0.001331,347827,347,5000
624,26,2,KC,-3.323155,2233,0.086027,0.000748,0.001331,347827,347,5000
624,26,2,KW,-4.984353,2240,0.086027,0.000748,0.001331,347827,347,5000
624,26,2,LB,-0.744208,2237,0.086027,0.000748,0.001331,347827,347,5000
624,26,2,NR,-1.926196,2240,0.086027,0.000748,0.001331,347827,347,5000
624,26,2,SB,-1.770853,2233,0.086027,0.000748,0.001331,347827,347,5000
624,26,2,ZC,-3.203039,2240,0.086027,0.000748,0.001331,347827,347,5000
624,26,2,ZF,-6.756227,2240,0.086027,0.000748,0.001331,347827,347,5000
624,26,2,ZG,-5.832974,2239,0.086027,0.000748,0.001331,347827,347,5000
624,26,2,ZH,-1.787789,2237,0.086027,0.000748,0.001331,347827,347,5000
624,26,2,ZI,-3.998582,2239,0.086027,0.000748,0.001331,347827,347,5000
624,26,2,ZK,-5.115505,2238,0.086027,0.000748,0.001331,347827,347,5000
624,26,2,ZL,-3.630328,2240,0.086027,0.000748,0.001331,347827,347,5000
624,26,2,ZO,-0.007775,2239,0.086027,0.000748,0.001331,347827,347,5000
624,26,2,ZP,-1.890541,2239,0.086027,0.000748,0.001331,347827,347,5000
624,26,2,ZR,-5.011628,2240,0.086027,0.000748,0.001331,347827,347,5000
624,26,2,ZT,-3.412858,2240,0.086027,0.000748,0.001331,347827,347,5000
624,26,2,ZU,-1.612229,2235,0.086027,0.000748,0.001331,347827,347,5000
624,26,2,ZW,-6.133024,2240,0.086027,0.000748,0.001331,347827,347,5000
624,26,2,ZZ,0.340337,2240,0.086027,0.000748,0.001331,347827,347,5000
624,26,2,ZN,-2.861114,2236,0.086027,0.000748,0.001331,347827,347,5000
648,27,2,CC,-4.27768,2233,0.083695,0.001323,0.000391,361253,361,5000
648,27,2,DA,-2.784306,2232,0.083695,0.001323,0.000391,361253,361,5000
648,27,2,GI,-2.809116,2240,0.083695,0.001323,0.000391,361253,361,5000
648,27,2,JO,-2.704225,2234,0.083695,0.001323,0.000391,361253,361,5000
648,27,2,KC,-2.468442,2233,0.083695,0.001323,0.000391,361253,361,5000
648,27,2,KW,-10.084208,2240,0.083695,0.001323,0.000391,361253,361,5000
648,27,2,LB,1.811366,2237,0.083695,0.001323,0.000391,361253,361,5000
648,27,2,NR,-5.56895,2240,0.083695,0.001323,0.000391,361253,361,5000
648,27,2,SB,-3.053703,2233,0.083695,0.001323,0.000391,361253,361,5000
648,27,2,ZC,-4.075934,2240,0.083695,0.001323,0.000391,361253,361,5000
648,27,2,ZF,-12.700841,2240,0.083695,0.001323,0.000391,361253,361,5000
648,27,2,ZG,-6.521901,2239,0.083695,0.001323,0.000391,361253,361,5000
648,27,2,ZH,-4.481004,2237,0.083695,0.001323,0.000391,361253,361,5000
648,27,2,ZI,-3.198975,2239,0.083695,0.001323,0.000391,361253,361,5000
648,27,2,ZK,-4.180112,2238,0.083695,0.001323,0.000391,361253,361,5000
648,27,2,ZL,-7.323562,2240,0.083695,0.001323,0.000391,361253,361,5000
648,27,2,ZO,-1.60873,2239,0.083695,0.001323,0.000391,361253,361,5000
648,27,2,ZP,-7.176676,2239,0.083695,0.001323,0.000391,361253,361,5000
648,27,2,ZR,-6.392221,2240,0.083695,0.001323,0.000391,361253,361,5000
648,27,2,ZT,-2.077209,2240,0.083695,0.001323,0.000391,361253,361,5000
648,27,2,ZU,-3.567104,2235,0.083695,0.001323,0.000391,361253,361,5000
648,27,2,ZW,-8.021788,2240,0.083695,0.001323,0.000391,361253,361,5000
648,27,2,ZZ,-0.935042,2240,0.083695,0.001323,0.000391,361253,361,5000
648,27,2,ZN,-3.142684,2236,0.083695,0.001323,0.000391,361253,361,5000
672,28,2,CC,-2.455558,2233,0.081363,0.000538,0.000614,374679,374,5000
672,28,2,DA,-1.255964,2232,0.081363,0.000538,0.000614,374679,374,5000
672,28,2,GI,-2.273369,2240,0.081363,0.000538,0.000614,374679,374,5000
672,28,2,JO,-0.951121,2234,0.081363,0.000538,0.000614,374679,374,5000
672,28,2,KC,-2.366167,2233,0.081363,0.000538,0.000614,374679,374,5000
672,28,2,KW,-5.1864,2240,0.081363,0.000538,0.000614,374679,374,5000
672,28,2,LB,-1.830905,2237,0.081363,0.000538,0.000614,374679,374,5000
672,28,2,NR,-1.315985,2240,0.081363,0.000538,0.000614,374679,374,5000
672,28,2,SB,-3.155217,2233,0.081363,0.000538,0.000614,374679,374,5000
672,28,2,ZC,-3.305899,2240,0.081363,0.000538,0.000614,374679,374,5000
672,28,2,ZF,-7.492356,2240,0.081363,0.000538,0.000614,374679,374,5000
672,28,2,ZG,-4.731997,2239,0.081363,0.000538,0.000614,374679,374,5000
672,28,2,ZH,-3.252482,2237,0.081363,0.000538,0.000614,374679,374,5000
672,28,2,ZI,-0.582521,2239,0.081363,0.000538,0.000614,374679,374,5000
672,28,2,ZK,-2.728033,2238,0.081363,0.000538,0.000614,374679,374,5000
672,28,2,ZL,-1.492772,2240,0.081363,0.000538,0.000614,374679,374,5000
672,28,2,ZO,-0.768059,2239,0.081363,0.000538,0.000614,374679,374,5000
672,28,2,ZP,-2.749975,2239,0.081363,0.000538,0.000614,374679,374,5000
672,28,2,ZR,-3.41132,2240,0.081363,0.000538,0.000614,374679,374,5000
672,28,2,ZT,-3.962871,2240,0.081363,0.000538,0.000614,374679,374,5000
672,28,2,ZU,-1.749142,2235,0.081363,0.000538,0.000614,374679,374,5000
672,28,2,ZW,-4.685343,2240,0.081363,0.000538,0.000614,374679,374,5000
672,28,2,ZZ,-3.449924,2240,0.081363,0.000538,0.000614,374679,374,5000
672,28,2,ZN,-5.983945,2236,0.081363,0.000538,0.000614,374679,374,5000
696,29,2,CC,-2.094125,2233,0.07903,0.000782,0.000193,388105,388,5000
696,29,2,DA,-3.651157,2232,0.07903,0.000782,0.000193,388105,388,5000
696,29,2,GI,-2.833494,2240,0.07903,0.000782,0.000193,388105,388,5000
696,29,2,JO,1.144102,2234,0.07903,0.000782,0.000193,388105,388,5000
696,29,2,KC,-0.428998,2233,0.07903,0.000782,0.000193,388105,388,5000
696,29,2,KW,-4.722175,2240,0.07903,0.000782,0.000193,388105,388,5000
696,29,2,LB,-1.673927,2237,0.07903,0.000782,0.000193,388105,388,5000
696,29,2,NR,-0.558345,2240,0.07903,0.000782,0.000193,388105,388,5000
696,29,2,SB,-2.927738,2233,0.07903,0.000782,0.000193,388105,388,5000
696,29,2,ZC,-2.066144,2240,0.07903,0.000782,0.000193,388105,388,5000
696,29,2,ZF,-7.983989,2240,0.07903,0.000782,0.000193,388105,388,5000
696,29,2,ZG,-5.75723,2239,0.07903,0.000782,0.000193,388105,388,5000
696,29,2,ZH,-2.518639,2237,0.07903,0.000782,0.000193,388105,388,5000
696,29,2,ZI,-2.45196,2239,0.07903,0.000782,0.000193,388105,388,5000
696,29,2,ZK,-3.688924,2238,0.07903,0.000782,0.000193,388105,388,5000
696,29,2,ZL,-0.279101,2240,0.07903,0.000782,0.000193,388105,388,5000
696,29,2,ZO,-4.06581,2239,0.07903,0.000782,0.000193,388105,388,5000
696,29,2,ZP,-3.064335,2239,0.07903,0.000782,0.000193,388105,388,5000
696,29,2,ZR,-4.172705,2240,0.07903,0.000782,0.000193,388105,388,5000
696,29,2,ZT,-3.46396,2240,0.07903,0.000782,0.000193,388105,388,5000
696,29,2,ZU,0.262531,2235,0.07903,0.000782,0.000193,388105,388,5000
696,29,2,ZW,-3.654851,2240,0.07903,0.000782,0.000193,388105,388,5000
696,29,2,ZZ,-3.305593,2240,0.07903,0.000782,0.000193,388105,388,5000
696,29,2,ZN,-2.936899,2236,0.07903,0.000782,0.000193,388105,388,5000
720,30,2,CC,-3.605813,2233,0.076698,0.000749,0.000105,401531,401,5000
720,30,2,DA,-2.703674,2232,0.076698,0.000749,0.000105,401531,401,5000
720,30,2,GI,-4.529034,2240,0.076698,0.000749,0.000105,401531,401,5000
720,30,2,JO,-2.906369,2234,0.076698,0.000749,0.000105,401531,401,5000
720,30,2,KC,-1.419779,2233,0.076698,0.000749,0.000105,401531,401,5000
720,30,2,KW,-3.991109,2240,0.076698,0.000749,0.000105,401531,401,5000
720,30,2,LB,-0.932067,2237,0.076698,0.000749,0.000105,401531,401,5000
720,30,2,NR,-2.254134,2240,0.076698,0.000749,0.000105,401531,401,5000
720,30,2,SB,-2.356428,2233,0.076698,0.000749,0.000105,401531,401,5000
720,30,2,ZC,-3.76707,2240,0.076698,0.000749,0.000105,401531,401,5000
720,30,2,ZF,-7.296053,2240,0.076698,0.000749,0.000105,401531,401,5000
720,30,2,ZG,-3.727698,2239,0.076698,0.000749,0.000105,401531,401,5000
720,30,2,ZH,-3.054609,2237,0.076698,0.000749,0.000105,401531,401,5000
720,30,2,ZI,-1.865421,2239,0.076698,0.000749,0.000105,401531,401,5000
720,30,2,ZK,-2.230226,2238,0.076698,0.000749,0.000105,401531,401,5000
720,30,2,ZL,-1.467787,2240,0.076698,0.000749,0.000105,401531,401,5000
720,30,2,ZO,-2.349181,2239,0.076698,0.000749,0.000105,401531,401,5000
720,30,2,ZP,-2.52841,2239,0.076698,0.000749,0.000105,401531,401,5000
720,30,2,ZR,-3.268059,2240,0.076698,0.000749,0.000105,401531,401,5000
720,30,2,ZT,-2.537743,2240,0.076698,0.000749,0.000105,401531,401,5000
720,30,2,ZU,-3.128299,2235,0.076698,0.000749,0.000105,401531,401,5000
720,30,2,ZW,-3.518454,2240,0.076698,0.000749,0.000105,401531,401,5000
720,30,2,ZZ,0.842484,2240,0.076698,0.000749,0.000105,401531,401,5000
720,30,2,ZN,-2.822534,2236,0.076698,0.000749,0.000105,401531,401,5000
744,31,2,CC,-2.237291,2233,0.074366,0.000431,2.9e-05,414957,414,5000
744,31,2,DA,-3.439745,2232,0.074366,0.000431,2.9e-05,414957,414,5000
744,31,2,GI,-1.795034,2240,0.074366,0.000431,2.9e-05,414957,414,5000
744,31,2,JO,-1.194121,2234,0.074366,0.000431,2.9e-05,414957,414,5000
744,31,2,KC,-3.865507,2233,0.074366,0.000431,2.9e-05,414957,414,5000
744,31,2,KW,-3.738629,2240,0.074366,0.000431,2.9e-05,414957,414,5000
744,31,2,LB,0.135414,2237,0.074366,0.000431,2.9e-05,414957,414,5000
744,31,2,NR,-1.697653,2240,0.074366,0.000431,2.9e-05,414957,414,5000
744,31,2,SB,-1.049268,2233,0.074366,0.000431,2.9e-05,414957,414,5000
744,31,2,ZC,-0.699074,2240,0.074366,0.000431,2.9e-05,414957,414,5000
744,31,2,ZF,-7.676136,2240,0.074366,0.000431,2.9e-05,414957,414,5000
744,31,2,ZG,-2.343134,2239,0.074366,0.000431,2.9e-05,414957,414,5000
744,31,2,ZH,-2.788195,2237,0.074366,0.000431,2.9e-05,414957,414,5000
744,31,2,ZI,-0.928076,2239,0.074366,0.000431,2.9e-05,414957,414,5000
744,31,2,ZK,-2.528884,2238,0.074366,0.000431,2.9e-05,414957,414,5000
744,31,2,ZL,-1.551342,2240,0.074366,0.000431,2.9e-05,414957,414,5000
744,31,2,ZO,-1.652432,2239,0.074366,0.000431,2.9e-05,414957,414,5000
744,31,2,ZP,-3.554218,2239,0.074366,0.000431,2.9e-05,414957,414,5000
744,31,2,ZR,-3.741802,2240,0.074366,0.000431,2.9e-05,414957,414,5000
744,31,2,ZT,-4.513311,2240,0.074366,0.000431,2.9e-05,414957,414,5000
744,31,2,ZU,-3.106811,2235,0.074366,0.000431,2.9e-05,414957,414,5000
744,31,2,ZW,-4.279683,2240,0.074366,0.000431,2.9e-05,414957,414,5000
744,31,2,ZZ,-1.228683,2240,0.074366,0.000431,2.9e-05,414957,414,5000
744,31,2,ZN,-4.015774,2236,0.074366,0.000431,2.9e-05,414957,414,5000
768,32,2,CC,-2.650722,2233,0.072033,0.000892,0.003677,428383,428,5000
768,32,2,DA,-6.139182,2232,0.072033,0.000892,0.003677,428383,428,5000
768,32,2,GI,-1.585477,2240,0.072033,0.000892,0.003677,428383,428,5000
768,32,2,JO,-2.760657,2234,0.072033,0.000892,0.003677,428383,428,5000
768,32,2,KC,-1.417211,2233,0.072033,0.000892,0.003677,428383,428,5000
768,32,2,KW,-3.045978,2240,0.072033,0.000892,0.003677,428383,428,5000
768,32,2,LB,-0.776126,2237,0.072033,0.000892,0.003677,428383,428,5000
768,32,2,NR,-0.752618,2240,0.072033,0.000892,0.003677,428383,428,5000
768,32,2,SB,0.784212,2233,0.072033,0.000892,0.003677,428383,428,5000
768,32,2,ZC,0.425251,2240,0.072033,0.000892,0.003677,428383,428,5000
768,32,2,ZF,-10.263335,2240,0.072033,0.000892,0.003677,428383,428,5000
768,32,2,ZG,-1.731279,2239,0.072033,0.000892,0.003677,428383,428,5000
768,32,2,ZH,0.207396,2237,0.072033,0.000892,0.003677,428383,428,5000
768,32,2,ZI,1.52406,2239,0.072033,0.000892,0.003677,428383,428,5000
768,32,2,ZK,-2.415604,2238,0.072033,0.000892,0.003677,428383,428,5000
768,32,2,ZL,0.665951,2240,0.072033,0.000892,0.003677,428383,428,5000
768,32,2,ZO,-0.901361,2239,0.072033,0.000892,0.003677,428383,428,5000
768,32,2,ZP,1.363904,2239,0.072033,0.000892,0.003677,428383,428,5000
768,32,2,ZR,-3.767614,2240,0.072033,0.000892,0.003677,428383,428,5000
768,32,2,ZT,-5.133672,2240,0.072033,0.000892,0.003677,428383,428,5000
768,32,2,ZU,-1.810622,2235,0.072033,0.000892,0.003677,428383,428,5000
768,32,2,ZW,-1.711713,2240,0.072033,0.000892,0.003677,428383,428,5000
768,32,2,ZZ,-3.447773,2240,0.072033,0.000892,0.003677,428383,428,5000
768,32,2,ZN,-3.300174,2236,0.072033,0.000892,0.003677,428383,428,5000
792,33,2,CC,-3.253044,2233,0.069701,0.00119,7.7e-05,441809,441,5000
792,33,2,DA,-3.508613,2232,0.069701,0.00119,7.7e-05,441809,441,5000
792,33,2,GI,-2.936426,2240,0.069701,0.00119,7.7e-05,441809,441,5000
792,33,2,JO,-1.833217,2234,0.069701,0.00119,7.7e-05,441809,441,5000
792,33,2,KC,-1.202158,2233,0.069701,0.00119,7.7e-05,441809,441,5000
792,33,2,KW,-6.496765,2240,0.069701,0.00119,7.7e-05,441809,441,5000
792,33,2,LB,0.166963,2237,0.069701,0.00119,7.7e-05,441809,441,5000
792,33,2,NR,-5.315593,2240,0.069701,0.00119,7.7e-05,441809,441,5000
792,33,2,SB,-2.564769,2233,0.069701,0.00119,7.7e-05,441809,441,5000
792,33,2,ZC,-2.803218,2240,0.069701,0.00119,7.7e-05,441809,441,5000
792,33,2,ZF,-7.71511,2240,0.069701,0.00119,7.7e-05,441809,441,5000
792,33,2,ZG,-4.890436,2239,0.069701,0.00119,7.7e-05,441809,441,5000
792,33,2,ZH,-2.65702,2237,0.069701,0.00119,7.7e-05,441809,441,5000
792,33,2,ZI,-3.841885,2239,0.069701,0.00119,7.7e-05,441809,441,5000
792,33,2,ZK,-4.333009,2238,0.069701,0.00119,7.7e-05,441809,441,5000
792,33,2,ZL,-5.956765,2240,0.069701,0.00119,7.7e-05,441809,441,5000
792,33,2,ZO,-3.414347,2239,0.069701,0.00119,7.7e-05,441809,441,5000
792,33,2,ZP,-4.370656,2239,0.069701,0.00119,7.7e-05,441809,441,5000
792,33,2,ZR,-5.575973,2240,0.069701,0.00119,7.7e-05,441809,441,5000
792,33,2,ZT,-2.123884,2240,0.069701,0.00119,7.7e-05,441809,441,5000
792,33,2,ZU,-0.367965,2235,0.069701,0.00119,7.7e-05,441809,441,5000
792,33,2,ZW,-5.271933,2240,0.069701,0.00119,7.7e-05,441809,441,5000
792,33,2,ZZ,-3.01107,2240,0.069701,0.00119,7.7e-05,441809,441,5000
792,33,2,ZN,-3.427855,2236,0.069701,0.00119,7.7e-05,441809,441,5000
816,34,2,CC,-2.151865,2233,0.067369,0.000708,0.000143,455235,455,5000
816,34,2,DA,-1.191711,2232,0.067369,0.000708,0.000143,455235,455,5000
816,34,2,GI,-3.088716,2240,0.067369,0.000708,0.000143,455235,455,5000
816,34,2,JO,-1.14811,2234,0.067369,0.000708,0.000143,455235,455,5000
816,34,2,KC,-3.359165,2233,0.067369,0.000708,0.000143,455235,455,5000
816,34,2,KW,-5.636998,2240,0.067369,0.000708,0.000143,455235,455,5000
816,34,2,LB,-1.254831,2237,0.067369,0.000708,0.000143,455235,455,5000
816,34,2,NR,-3.054089,2240,0.067369,0.000708,0.000143,455235,455,5000
816,34,2,SB,-0.215276,2233,0.067369,0.000708,0.000143,455235,455,5000
816,34,2,ZC,-0.815557,2240,0.067369,0.000708,0.000143,455235,455,5000
816,34,2,ZF,-5.403005,2240,0.067369,0.000708,0.000143,455235,455,5000
816,34,2,ZG,-2.191088,2239,0.067369,0.000708,0.000143,455235,455,5000
816,34,2,ZH,-1.183488,2237,0.067369,0.000708,0.000143,455235,455,5000
816,34,2,ZI,-2.189883,2239,0.067369,0.000708,0.000143,455235,455,5000
816,34,2,ZK,-4.891047,2238,0.067369,0.000708,0.000143,455235,455,5000
816,34,2,ZL,-2.239867,2240,0.067369,0.000708,0.000143,455235,455,5000
816,34,2,ZO,-3.316872,2239,0.067369,0.000708,0.000143,455235,455,5000
816,34,2,ZP,-2.494524,2239,0.067369,0.000708,0.000143,455235,455,5000
816,34,2,ZR,-5.484507,2240,0.067369,0.000708,0.000143,455235,455,5000
816,34,2,ZT,-4.174022,2240,0.067369,0.000708,0.000143,455235,455,5000
816,34,2,ZU,-2.561474,2235,0.067369,0.000708,0.000143,455235,455,5000
816,34,2,ZW,-4.071602,2240,0.067369,0.000708,0.000143,455235,455,5000
816,34,2,ZZ,-0.74292,2240,0.067369,0.000708,0.000143,455235,455,5000
816,34,2,ZN,-5.861813,2236,0.067369,0.000708,0.000143,455235,455,5000
840,35,2,CC,-5.298623,2233,0.065036,0.000878,0.001094,468661,468,5000
840,35,2,DA,-4.580152,2232,0.065036,0.000878,0.001094,468661,468,5000
840,35,2,GI,0.067054,2240,0.065036,0.000878,0.001094,468661,468,5000
840,35,2,JO,-2.995636,2234,0.065036,0.000878,0.001094,468661,468,5000
840,35,2,KC,1.418828,2233,0.065036,0.000878,0.001094,468661,468,5000
840,35,2,KW,-5.539787,2240,0.065036,0.000878,0.001094,468661,468,5000
840,35,2,LB,-1.330702,2237,0.065036,0.000878,0.001094,468661,468,5000
840,35,2,NR,-0.830679,2240,0.065036,0.000878,0.001094,468661,468,5000
840,35,2,SB,-3.289271,2233,0.065036,0.000878,0.001094,468661,468,5000
840,35,2,ZC,-3.516388,2240,0.065036,0.000878,0.001094,468661,468,5000
840,35,2,ZF,-6.377333,2240,0.065036,0.000878,0.001094,468661,468,5000
840,35,2,ZG,-2.726215,2239,0.065036,0.000878,0.001094,468661,468,5000
840,35,2,ZH,-3.207066,2237,0.065036,0.000878,0.001094,468661,468,5000
840,35,2,ZI,-3.114769,2239,0.065036,0.000878,0.001094,468661,468,5000
840,35,2,ZK,-4.321213,2238,0.065036,0.000878,0.001094,468661,468,5000
840,35,2,ZL,-2.235833,2240,0.065036,0.000878,0.001094,468661,468,5000
840,35,2,ZO,-2.878902,2239,0.065036,0.000878,0.001094,468661,468,5000
840,35,2,ZP,-3.801725,2239,0.065036,0.000878,0.001094,468661,468,5000
840,35,2,ZR,-5.121059,2240,0.065036,0.000878,0.001094,468661,468,5000
840,35,2,ZT,-3.08926,2240,0.065036,0.000878,0.001094,468661,468,5000
840,35,2,ZU,-2.032053,2235,0.065036,0.000878,0.001094,468661,468,5000
840,35,2,ZW,-3.736701,2240,0.065036,0.000878,0.001094,468661,468,5000
840,35,2,ZZ,-1.350863,2240,0.065036,0.000878,0.001094,468661,468,5000
840,35,2,ZN,-3.862817,2236,0.065036,0.000878,0.001094,468661,468,5000
864,36,2,CC,-2.414383,2233,0.062704,0.000379,0.00018,482087,482,5000
864,36,2,DA,-2.707025,2232,0.062704,0.000379,0.00018,482087,482,5000
864,36,2,GI,-0.876544,2240,0.062704,0.000379,0.00018,482087,482,5000
864,36,2,JO,-1.512342,2234,0.062704,0.000379,0.00018,482087,482,5000
864,36,2,KC,-1.801121,2233,0.062704,0.000379,0.00018,482087,482,5000
864,36,2,KW,-3.536149,2240,0.062704,0.000379,0.00018,482087,482,5000
864,36,2,LB,-0.256422,2237,0.062704,0.000379,0.00018,482087,482,5000
864,36,2,NR,-3.419027,2240,0.062704,0.000379,0.00018,482087,482,5000
864,36,2,SB,-1.353113,2233,0.062704,0.000379,0.00018,482087,482,5000
864,36,2,ZC,-2.018111,2240,0.062704,0.000379,0.00018,482087,482,5000
864,36,2,ZF,-6.435613,2240,0.062704,0.000379,0.00018,482087,482,5000
864,36,2,ZG,-1.489703,2239,0.062704,0.000379,0.00018,482087,482,5000
864,36,2,ZH,-1.479739,2237,0.062704,0.000379,0.00018,482087,482,5000
864,36,2,ZI,0.540532,2239,0.062704,0.000379,0.00018,482087,482,5000
864,36,2,ZK,-2.387507,2238,0.062704,0.000379,0.00018,482087,482,5000
864,36,2,ZL,-1.340981,2240,0.062704,0.000379,0.00018,482087,482,5000
864,36,2,ZO,-0.829387,2239,0.062704,0.000379,0.00018,482087,482,5000
864,36,2,ZP,-2.642417,2239,0.062704,0.000379,0.00018,482087,482,5000
864,36,2,ZR,-3.83925,2240,0.062704,0.000379,0.00018,482087,482,5000
864,36,2,ZT,-2.155298,2240,0.062704,0.000379,0.00018,482087,482,5000
864,36,2,ZU,-3.274316,2235,0.062704,0.000379,0.00018,482087,482,5000
864,36,2,ZW,-2.253942,2240,0.062704,0.000379,0.00018,482087,482,5000
864,36,2,ZZ,-0.847971,2240,0.062704,0.000379,0.00018,482087,482,5000
864,36,2,ZN,-2.709745,2236,0.062704,0.000379,0.00018,482087,482,5000
