date,net_pnl,cum_wealth
2016-04-01,0.0023237642394452326,1.0023237642394451
2016-04-04,0.0031452385128809823,1.0054690027523263
2016-04-05,0.002723111031887977,1.0081921137842142
2016-04-06,8.741879771068204e-05,1.008279532581925
2016-04-07,0.0005000662227304781,1.0087795988046553
2016-04-08,-0.003125618342426479,1.0056539804622289
2016-04-11,0.0018046984020414721,1.0074586788642703
2016-04-12,-0.003244379223003066,1.0042142996412673
2016-04-13,-0.0016896904508251866,1.002524609190442
2016-04-14,-0.00024398327278936572,1.0022806259176527
2016-04-15,-0.0004982882492579807,1.0017823376683948
2016-04-18,-0.0014567111189897602,1.000325626549405
2016-04-19,-0.007877804942336437,0.9924478216070686
2016-04-20,-0.005405502624215376,0.9870423189828532
2016-04-21,0.0030009756367333803,0.9900432946195865
2016-04-22,0.006592559923515608,0.9966358545431022
2016-04-25,-0.0026807558868684293,0.9939550986562338
2016-04-26,-0.002416783795834911,0.9915383148603988
2016-04-27,4.596599496308092e-05,0.9915842808553619
2016-04-28,9.48995300602409e-06,0.991593770808368
2016-04-29,-0.004094759679117972,0.98749901112925
2016-05-02,0.0008584822632004015,0.9883574933924504
2016-05-03,0.004158300687838372,0.9925157940802888
2016-05-04,0.0010739089977520513,0.9935897030780407
2016-05-05,0.0010680525556781093,0.9946577556337189
2016-05-06,-0.002597978930719908,0.9920597767029989
2016-05-09,0.005005806979648297,0.9970655836826473
2016-05-10,-0.004565091347027905,0.9925004923356193
2016-05-11,-0.0030747697671857964,0.9894257225684335
2016-05-12,8.118743149210493e-05,0.9895069099999256
2016-05-13,0.0015660172923302295,0.9910729272922559
2016-05-16,-0.0029943729922476694,0.9880785543000082
2016-05-17,-0.0011186297363447318,0.9869599245636635
2016-05-18,0.001457586725781468,0.988417511289445
2016-05-19,0.00827605489629946,0.9966935661857445
2016-05-20,-0.00048295922351332675,0.9962106069622311
2016-05-23,0.004275466831836783,1.000486073794068
2016-05-24,0.0014636029938707561,1.0019496767879386
2016-05-25,-0.0012445009411025227,1.0007051758468362
2016-05-26,-0.0026854945983011886,0.9980196812485349
2016-05-27,-0.00010909242173426239,0.9979105888268007
2016-05-31,1.7924025282837235e-05,0.9979285128520835
2016-06-01,-0.001775820871419459,0.996152691980664
2016-06-02,-0.0046812316914440376,0.9914714602892201
2016-06-03,-0.006060772649639294,0.9854106876395807
2016-06-06,-0.0069766359366099494,0.9784340517029708
2016-06-07,0.0012246893349432976,0.9796587410379141
2016-06-08,-0.00691725249603154,0.9727414885418826
2016-06-09,-0.00025161775060184184,0.9724898707912807
2016-06-10,0.003757928498466298,0.976247799289747
2016-06-13,7.347178828366512e-05,0.9763212710780307
2016-06-14,0.001413639693643353,0.977734910771674
2016-06-15,-0.00022016913569022028,0.9775147416359838
2016-06-16,0.003374720620479517,0.9808894622564633
2016-06-17,-0.0018589765016921412,0.9790304857547711
2016-06-20,-0.0004076975350554554,0.9786227882197157
2016-06-21,0.003950822837159891,0.9825736110568756
2016-06-22,0.0012839948469252182,0.9838576059038008
2016-06-23,-0.0007407146216416616,0.9831168912821592
2016-06-24,0.004867665960080652,0.9879845572422398
2016-06-27,0.00017349911719324404,0.9881580563594331
2016-06-28,-0.003561130565739139,0.984596925793694
2016-06-29,-0.004416348444334921,0.980180577349359
2016-06-30,0.0005518095142542234,0.9807323868636132
2016-07-01,-0.00034362660977907725,0.9803887602538341
2016-07-05,0.0005242282303485286,0.9809129884841826
2016-07-06,0.00021459722710952166,0.9811275857112922
2016-07-07,0.0016261909237620757,0.9827537766350543
2016-07-08,-0.0012707890917762915,0.981482987543278
2016-07-11,0.0005849767488288256,0.9820679642921069
2016-07-12,-0.001354200242414337,0.9807137640496925
2016-07-13,-0.0030045651026666073,0.9777091989470259
2016-07-14,-0.0014829162611553742,0.9762262826858705
2016-07-15,0.0038878123076466413,0.9801140949935171
2016-07-18,-0.0019263006704777208,0.9781877943230394
2016-07-19,0.0033963238656800005,0.9815841181887194
2016-07-20,0.0019836886506956184,0.983567806839415
2016-07-21,0.0010296807187227517,0.9845974875581378
2016-07-22,0.0003860739270309617,0.9849835614851687
2016-07-25,-0.001061657247201616,0.9839219042379671
2016-07-26,0.002051243661333091,0.9859731478993002
2016-07-27,0.0017654978712950222,0.9877386457705952
2016-07-28,0.0014305257966722446,0.9891691715672675
2016-07-29,-0.0025063429797780794,0.9866628285874894
2016-08-01,8.41903010165825e-05,0.986747018888506
2016-08-02,0.0007010236616513197,0.9874480425501573
2016-08-03,-0.001488785291319952,0.9859592572588374
2016-08-04,0.0015864546331433819,0.9875457118919807
2016-08-05,0.00020325089628633243,0.9877489627882671
2016-08-08,-0.0013164688267822409,0.9864324939614848
2016-08-09,-0.0005156645305514147,0.9859168294309334
2016-08-10,-0.000826257451735108,0.9850905719791982
2016-08-11,0.0034646451891257924,0.9885552171683241
2016-08-12,-0.0006813328029627386,0.9878738843653614
2016-08-15,-0.0052285622166810385,0.9826453221486803
2016-08-16,-0.0015477764651095332,0.9810975456835708
2016-08-17,0.0012565087774634087,0.9823540544610342
2016-08-18,-0.0026496014342105036,0.9797044530268236
2016-08-19,0.0009743987328036151,0.9806788517596273
2016-08-22,0.00132862600408579,0.9820074777637131
2016-08-23,1.0093760135748924e-06,0.9820084871397267
2016-08-24,0.0063438555609667885,0.9883523427006935
2016-08-25,0.0020291307844407976,0.9903814734851343
2016-08-26,0.002401584382948375,0.9927830578680826
2016-08-29,0.0036942745592335622,0.9964773324273162
2016-08-30,0.0022639575362916223,0.9987412899636078
2016-08-31,0.002294368314197501,1.0010356582778053
2016-09-01,2.388152742435958e-05,1.0010595398052298
2016-09-02,-0.0018595956705641128,0.9991999441346655
2016-09-06,-0.002628220348108662,0.9965717237865569
2016-09-07,-0.001100789737351714,0.9954709340492052
2016-09-08,-0.000561305581310716,0.9949096284678944
2016-09-09,0.002592440312747339,0.9975020687806418
2016-09-12,0.00028881198873622254,0.997790880769378
2016-09-13,0.004209428449924617,1.0020003092193026
2016-09-14,-0.0014843742685305193,1.0005159349507722
2016-09-15,0.00014759989795219157,1.0006635348487243
2016-09-16,-0.0019205951787977544,0.9987429396699266
2016-09-19,-0.002367920279651535,0.9963750193902751
2016-09-20,-0.004078612492147524,0.9922964068981275
2016-09-21,-0.001036709156423331,0.9912596977417042
2016-09-22,-0.0023912309527724177,0.9888684667889317
2016-09-23,0.0024942496784923877,0.9913627164674241
2016-09-26,0.002089246918833121,0.9934519633862573
2016-09-27,0.001953532796693323,0.9954054961829506
2016-09-28,-0.0003950753855953738,0.9950104207973552
2016-09-29,0.0009530182038861251,0.9959634390012413
2016-09-30,0.0004311702513203598,0.9963946092525617
2016-10-03,0.0018498407142820785,0.9982444499668438
2016-10-04,0.0021655044897053,1.000409954456549
2016-10-05,-0.000616665070648289,0.9997932893859007
2016-10-06,0.0017778149730096975,1.0015711043589104
2016-10-07,-0.0013313628221742852,1.0002397415367361
2016-10-10,-0.002603922898288273,0.997635818638448
2016-10-11,0.002396608003326081,1.000032426641774
2016-10-12,0.0029800141412282375,1.0030124407830023
2016-10-13,-0.00025068768494817227,1.0027617530980542
2016-10-14,-0.0011516787095510322,1.001610074388503
2016-10-17,-0.001911858797707667,0.9996982155907954
2016-10-18,-0.002450077041934125,0.9972481385488612
2016-10-19,-0.000819110410999132,0.9964290281378622
2016-10-20,0.0018254549344097148,0.9982544830722718
2016-10-21,-0.0010546814248969614,0.9971998016473749
2016-10-24,0.0005342339261671526,0.997734035573542
2016-10-25,-0.00229170367550489,0.9954423318980371
2016-10-26,-0.0006597320892463587,0.9947825998087908
2016-10-27,-0.0031943573646106387,0.9915882424441801
2016-10-28,0.0009489928600154384,0.9925372353041956
2016-10-31,0.0009976481364384418,0.993534883440634
2016-11-01,-0.0016022908517756046,0.9919325925888584
2016-11-02,-0.0010363939600921003,0.9908961986287663
2016-11-03,0.00171648833772771,0.992612686966494
2016-11-04,-0.0007183933609823361,0.9918942936055116
2016-11-07,-0.0008971603442649346,0.9909971332612467
2016-11-08,-0.0008011835505640743,0.9901959497106827
2016-11-09,0.0002536148494047966,0.9904495645600875
2016-11-10,-0.0009450517410527061,0.9895045128190347
2016-11-11,0.006051111767757495,0.9955556245867923
2016-11-14,0.0031002136203503172,0.9986558382071425
2016-11-15,-0.0018295604985154672,0.9968262777086271
2016-11-16,-0.0020479044124921443,0.9947783732961349
2016-11-17,-0.0009495181217209059,0.9938288551744141
2016-11-18,-0.0015907256100423151,0.9922381295643717
2016-11-21,-0.003586974575946519,0.9886511549884253
2016-11-22,0.00013467688723153024,0.9887858318756567
2016-11-23,-0.00016732625422546333,0.9886185056214313
2016-11-25,-0.0007404724608303505,0.987878033160601
2016-11-28,-0.0013967338696875263,0.9864812992909134
2016-11-29,0.0048151692332157724,0.9912964685241292
2016-11-30,-0.0015794400046565266,0.9897170285194726
2016-12-01,0.0003314928672626294,0.9900485213867353
2016-12-02,-0.00014893643605214346,0.9898995849506831
2016-12-05,-0.002703046259094135,0.987196538691589
2016-12-06,-0.0005510190863976878,0.9866455196051913
2016-12-07,0.0004777416699952947,0.9871232612751866
2016-12-08,0.0013328201338186768,0.9884560814090053
2016-12-09,0.00026688169460785865,0.9887229631036132
2016-12-12,-0.0024045539957973277,0.9863184091078159
2016-12-13,0.0010297657128775339,0.9873481748206934
2016-12-14,9.88615207910419e-05,0.9874470363414845
2016-12-15,0.008158314407421857,0.9956053507489062
2016-12-16,-0.0017017316715059424,0.9939036190774003
2016-12-19,-0.00014885554158725387,0.993754763535813
2016-12-20,0.002489320095137713,0.9962440836309507
2016-12-21,0.0012809840082588684,0.9975250676392097
2016-12-22,0.0033022569814382106,1.0008273246206478
2016-12-23,0.0017355109302440543,1.002562835550892
2016-12-27,-0.0056656818294474704,0.9968971537214444
2016-12-28,0.0003811715783564351,0.9972783252998009
2016-12-29,-0.001574732179328459,0.9957035931204724
2016-12-30,-0.0007659214777171646,0.9949376716427553
2017-01-03,-0.0011098204563717749,0.9938278511863835
2017-01-04,-0.005513053399091792,0.9883147977872917
2017-01-05,-0.001651811443765004,0.9866629863435267
2017-01-06,0.0019657040526508012,0.9886286903961775
2017-01-09,-0.00010628601090246623,0.988522404385275
2017-01-10,-0.004701552587581806,0.9838208517976932
2017-01-11,0.00037107463545880015,0.984191926433152
2017-01-12,-0.005104561755994046,0.979087364677158
2017-01-13,6.728158826182064e-06,0.9790940928359841
2017-01-17,-0.0018914985347348433,0.9772025943012493
2017-01-18,0.0017054561189954937,0.9789080504202448
2017-01-19,0.002611010355839011,0.9815190607760838
2017-01-20,-0.002073097878570161,0.9794459628975136
2017-01-23,-9.662777876362671e-05,0.97934933511875
2017-01-24,-0.0008919143628704219,0.9784574207558796
2017-01-25,0.0019433595711116135,0.9804007803269912
2017-01-26,0.00342637268012326,0.9838271530071144
2017-01-27,-0.0003427340268567795,0.9834844189802577
2017-01-30,0.004805988485884767,0.9882904074661425
2017-01-31,-0.0015477741621032352,0.9867426333040392
2017-02-01,-0.0038094827726330186,0.9829331505314062
2017-02-02,-0.0012594312145280764,0.9816737193168781
2017-02-03,0.0010558848422782218,0.9827296041591563
2017-02-06,-0.0005364009773582756,0.982193203181798
2017-02-07,-0.00032868038780447183,0.9818645227939936
2017-02-08,-0.0017452270980236738,0.9801192956959699
2017-02-09,-0.0012546125151696437,0.9788646831808003
2017-02-10,-0.0010954440176726627,0.9777692391631276
2017-02-13,0.004210396244801094,0.9819796354079288
2017-02-14,-0.0015487893660044699,0.9804308460419242
2017-02-15,-0.0017803091655795862,0.9786505368763446
2017-02-16,0.001809736221572385,0.9804602730979171
2017-02-17,0.0014328796716019364,0.9818931527695189
2017-02-21,5.133617160670363e-05,0.9819444889411257
2017-02-22,0.0005423913602180531,0.9824868803013438
2017-02-23,0.0004848985717977085,0.9829717788731415
2017-02-24,0.0020862516934351517,0.9850580305665766
2017-02-27,0.0036294427476452405,0.9886874733142218
2017-02-28,-0.0023312607259317174,0.9863562125882901
2017-03-01,-0.0030128474232473256,0.9833433651650428
2017-03-02,0.005747668629320996,0.9890910337943638
2017-03-03,-0.0007137228487239437,0.9883773109456399
2017-03-06,0.0005705103293005755,0.9889478212749404
2017-03-07,0.0033190724991086946,0.9922668937740491
2017-03-08,0.0014611061437884024,0.9937279999178376
2017-03-09,0.003938548913105903,0.9976665488309434
2017-03-10,-8.457449465526889e-05,0.9975819743362881
2017-03-13,-0.0013864178027800738,0.9961955565335081
2017-03-14,0.0007658166812404099,0.9969613732147485
2017-03-15,-0.0015496122845960977,0.9954117609301524
2017-03-16,-0.0033732097768225757,0.9920385511533298
2017-03-17,-0.0024205599868976878,0.9896179911664321
2017-03-20,-0.0011150902890110586,0.9885029008774211
2017-03-21,-0.0007625295583548438,0.9877403713190662
2017-03-22,-0.00030530902278570147,0.9874350622962805
2017-03-23,0.00045143941212232974,0.9878865017084029
2017-03-24,0.0022148609926067797,0.9901013627010097
2017-03-27,0.002435731869553822,0.9925370945705635
2017-03-28,0.00017842215053607795,0.9927155167210995
2017-03-29,-0.0005074018471057283,0.9922081148739939
2017-03-30,0.0018042636176524476,0.9940123784916463
2017-03-31,-0.0010994222131577335,0.9929129562784885
2017-04-03,0.0008524444190400388,0.9937654006975285
2017-04-04,0.0005125172507502949,0.9942779179482788
2017-04-05,-0.001921355251101488,0.9923565626971773
2017-04-06,-0.0005402600682676297,0.9918163026289097
2017-04-07,-0.0019539477538025474,0.9898623548751072
2017-04-10,0.000896717286987461,0.9907590721620947
2017-04-11,-0.004516535089302186,0.9862425370727924
2017-04-12,0.001240416806692239,0.9874829538794847
2017-04-13,-8.097590403841522e-05,0.9874019779754463
2017-04-17,0.0010730930873440853,0.9884750710627904
2017-04-18,0.001881970244027735,0.9903570413068181
2017-04-19,0.0029216916327082817,0.9932787329395264
2017-04-20,0.004290250306449731,0.9975689832459761
2017-04-21,0.0006803522847415146,0.9982493355307176
2017-04-24,0.004054691475683447,1.002304027006401
2017-04-25,3.753241309756928e-05,1.0023415594194987
2017-04-26,0.0005404086682190101,1.0028819680877177
2017-04-27,-0.0027289020732337607,1.000153066014484
2017-04-28,-0.0037539424399450493,0.9963991235745389
2017-05-01,-0.004444077315005373,0.9919550462595335
2017-05-02,0.00031966604552224615,0.9922747123050557
2017-05-03,-0.0003822090189599718,0.9918925032860958
2017-05-04,0.004580909701008644,0.9964734129871043
2017-05-05,-0.001093728788460422,0.995379684198644
2017-05-08,-0.0006164834839696038,0.9947632007146744
2017-05-09,0.003967768078208247,0.9987309687928826
2017-05-10,-0.003084563230741008,0.9956464055621416
2017-05-11,-0.002446607718915283,0.9931997978432263
2017-05-12,-0.0010192948525080557,0.9921805029907182
2017-05-15,0.0006467432018595259,0.9928272461925778
2017-05-16,4.503299902985773e-05,0.9928722791916077
2017-05-17,-0.003915345387380392,0.9889569338042272
2017-05-18,0.003077766115981989,0.9920346999202092
2017-05-19,-0.0040732726699673925,0.9879614272502418
2017-05-22,-0.0029631408453457456,0.9849982864048961
2017-05-23,0.003802569945639827,0.9888008563505359
2017-05-24,0.001767087566512926,0.9905679439170488
2017-05-25,0.00016398305309411925,0.990731926970143
2017-05-26,-0.0021730940105114554,0.9885588329596315
2017-05-30,0.001007161842945908,0.9895659948025775
2017-05-31,-0.0016364490509142408,0.9879295457516631
2017-06-01,0.0011234801321155271,0.9890530258837787
2017-06-02,-0.0004013524781245535,0.9886516734056542
2017-06-05,6.289296482269132e-05,0.9887145663704768
2017-06-06,-0.0021856391966667056,0.9865289271738101
2017-06-07,-4.18694202123127e-05,0.9864870577535978
2017-06-08,-0.0017728118682053286,0.9847142458853925
2017-06-09,-0.0016395843985488926,0.9830746614868436
2017-06-12,0.003841793413352452,0.9869164549001961
2017-06-13,3.257237942779802e-05,0.9869490272796239
2017-06-14,0.002238370535572573,0.9891873978151965
2017-06-15,-0.001971679471374701,0.9872157183438217
2017-06-16,-0.001710432330007816,0.9855052860138139
2017-06-19,0.0029109977626394536,0.9884162837764534
2017-06-20,0.0037699394357888095,0.9921862232122421
2017-06-21,0.003092428782789913,0.9952786519950321
2017-06-22,0.002390855545279488,0.9976695075403116
2017-06-23,-0.0033775307693505916,0.994291976770961
2017-06-26,-0.00022135884471179336,0.9940706179262492
2017-06-27,-0.00028537042560852055,0.9937852475006407
2017-06-28,-0.0029059400785611195,0.9908793074220795
2017-06-29,-0.0038974491803827195,0.9869818582416968
2017-06-30,-0.006819906747394658,0.9801619514943022
2017-07-03,-0.0010567813068645745,0.9791051701874376
2017-07-05,0.001567332575433592,0.9806725027628712
2017-07-06,0.0018141005870450076,0.9824866033499162
2017-07-07,0.0022805164929726655,0.9847671198428889
2017-07-10,-0.0022600324396902195,0.9825070874031987
2017-07-11,-0.002837849459277734,0.9796692379439209
2017-07-12,0.0009725576677991129,0.98064179561172
2017-07-13,0.0031073179781865644,0.9837491135899066
2017-07-14,-0.003426893694044674,0.9803222198958619
2017-07-17,-0.0019360742259843253,0.9783861456698776
2017-07-18,-0.0006593523128175209,0.9777267933570601
2017-07-19,-0.002279137661022465,0.9754476556960376
2017-07-20,-0.00015293276769725762,0.9752947229283404
2017-07-21,0.0008842950426954249,0.9761790179710358
2017-07-24,0.0027559088533740477,0.9789349268244099
2017-07-25,-0.0007838516828121774,0.9781510751415976
2017-07-26,-0.0023318768539741077,0.9758191982876235
2017-07-27,-0.0045011763451291405,0.9713180219424944
2017-07-28,-0.0019786495943181436,0.9693393723481762
2017-07-31,0.0013625439725806095,0.9707019163207569
2017-08-01,0.0009253767735488976,0.9716272930943057
2017-08-02,-0.002944108102726729,0.968683184991579
2017-08-03,0.0034992309300847556,0.9721824159216638
2017-08-04,0.0023474047664721665,0.974529820688136
2017-08-07,0.001433936770658553,0.9759637574587945
2017-08-08,-0.00045205507626149303,0.975511702382533
2017-08-09,-0.002277358219072575,0.9732343441634604
2017-08-10,0.0033830245504654125,0.9766173687139259
2017-08-11,-0.0023523738977192475,0.9742649948162067
2017-08-14,0.0020257489217497325,0.9762907437379563
2017-08-15,0.004178048524997393,0.9804687922629537
2017-08-16,0.0003926539857600578,0.9808614462487137
2017-08-17,-0.00041577495266696164,0.9804456712960469
2017-08-18,-0.00026727370319605233,0.9801783975928507
2017-08-21,0.0008458383803629781,0.9810242359732138
2017-08-22,0.0014352347807562963,0.9824594707539701
2017-08-23,-0.0007116742145956145,0.9817477965393745
2017-08-24,-0.003142935409711713,0.9786048611296627
2017-08-25,-0.00043986279226544076,0.9781649983373973
2017-08-28,-0.0024658673031643726,0.9756991310342329
2017-08-29,0.0022707568522273153,0.9779698878864602
2017-08-30,0.000734887494162303,0.9787047753806225
2017-08-31,-0.004799839214302034,0.9739049361663205
2017-09-01,-0.004051406640611307,0.9698535295257092
2017-09-05,-0.0014730249193040076,0.9683805046064052
2017-09-06,0.00046706297664975984,0.9688475675830549
2017-09-07,-0.0005931237033971386,0.9682544438796579
2017-09-08,0.0008892769209576164,0.9691437208006154
2017-09-11,0.002049750520886154,0.9711934713215016
2017-09-12,-0.0018593341534263385,0.9693341371680753
2017-09-13,-0.000713790725660061,0.9686203464424152
2017-09-14,0.002055560288342999,0.9706759067307582
2017-09-15,-0.0011327056674517173,0.9695432010633065
2017-09-18,0.0015976847437689352,0.9711408858070754
2017-09-19,0.002138611411548902,0.9732794972186243
2017-09-20,-0.004593831072247456,0.9686856661463769
2017-09-21,0.004124502057175226,0.972810168203552
2017-09-22,0.002203371617061052,0.9750135398206131
2017-09-25,0.001933783036371917,0.976947322856985
2017-09-26,0.0032984863936229027,0.9802458092506079
2017-09-27,-0.0012054292080399141,0.979040380042568
2017-09-28,0.0007630243835123964,0.9798034044260804
2017-09-29,0.0003316892106205921,0.980135093636701
2017-10-02,0.001744753582439437,0.9818798472191405
2017-10-03,-0.0013566990867957273,0.9805231481323448
2017-10-04,-0.00038423822628327767,0.9801389099060615
2017-10-05,-0.0023393434950120954,0.9777995664110494
2017-10-06,0.00102431036764246,0.9788238767786918
2017-10-09,0.0005735652616100823,0.9793974420403019
2017-10-10,-0.004232887668148405,0.9751645543721534
2017-10-11,-0.0007531069971515667,0.974411447375002
2017-10-12,-0.0029640843842465843,0.9714473629907553
2017-10-13,-0.0033338125368605077,0.9681135504538948
2017-10-16,0.0012234904649448925,0.9693370409188398
2017-10-17,0.0021881713481449244,0.9715252122669846
2017-10-18,0.0020854985017448842,0.9736107107687295
2017-10-19,-0.0023870372787362453,0.9712236734899933
2017-10-20,0.0003833337311301589,0.9716070072211235
2017-10-23,-0.0018269474483084314,0.969780059772815
2017-10-24,-0.0002595475497722327,0.9695205122230428
2017-10-25,0.00019697524632514767,0.9697174874693679
2017-10-26,0.001002829492687306,0.9707203169620552
2017-10-27,-0.00021755258259472353,0.9705027643794605
2017-10-30,-0.0016013452620883197,0.9689014191173722
2017-10-31,0.00033930175076867826,0.9692407208681408
2017-11-01,-0.0030103437981676344,0.9662303770699733
2017-11-02,0.0020507840966611218,0.9682811611666343
2017-11-03,-0.00012820153145674942,0.9681529596351776
2017-11-06,-0.005717775476922447,0.9624351841582551
2017-11-07,0.0016637634271750247,0.9640989475854301
2017-11-08,-0.0009331567964649425,0.9631657907889652
2017-11-09,-0.0006689751749810302,0.9624968156139843
2017-11-10,0.0013609047119796185,0.9638577203259638
2017-11-13,0.0011001441989077312,0.9649578645248715
2017-11-14,0.0031719186411369115,0.9681297831660085
2017-11-15,-0.001987301749661143,0.9661424814163473
2017-11-16,0.0006223965716607391,0.966764877988008
2017-11-17,-0.0028111533465321223,0.963953724641476
2017-11-20,0.005105508233524868,0.9690592328750008
2017-11-21,-0.002322946271124555,0.9667362866038762
2017-11-22,-0.0025048756970603393,0.964231410906816
2017-11-24,0.0010285653014016063,0.9652599762082176
2017-11-27,0.0011628197179433467,0.9664227959261609
2017-11-28,-0.0005120730810899501,0.965910722845071
2017-11-29,-0.0003180925129330282,0.9655926303321379
2017-11-30,0.0028682182256821423,0.96846084855782
2017-12-01,-0.0009619689449535634,0.9674988796128665
2017-12-04,0.005986714565463101,0.9734855941783296
2017-12-05,0.005371098900410303,0.9788566930787399
2017-12-06,0.005875467481601794,0.9847321605603416
2017-12-07,0.0031093077645758327,0.9878414683249175
2017-12-08,0.0008604286377311754,0.9887018969626487
2017-12-11,0.0006007668510765832,0.9893026638137252
2017-12-12,0.002931037129345607,0.9922337009430708
2017-12-13,6.190015808647796e-05,0.9922956011011573
2017-12-14,-0.0029098909315100866,0.9893857101696473
2017-12-15,-0.00031660364954092684,0.9890691065201064
2017-12-18,-0.001162087131622677,0.9879070193884837
2017-12-19,0.0003603539743619351,0.9882673733628456
2017-12-20,-0.0016465271945868022,0.9866208461682588
2017-12-21,-0.0014980158297926702,0.9851228303384661
2017-12-22,0.00012919161041946434,0.9852520219488856
2017-12-26,-0.004028477530961397,0.9812235444179241
2017-12-27,-0.0023739266374751163,0.9788496177804491
2017-12-28,-0.0022564357856081833,0.9765931819948409
2017-12-29,-0.001920443554112677,0.9746727384407282
2018-01-02,-0.004549139313404717,0.9701235991273235
2018-01-03,-0.0009912580915969812,0.9691323410357265
2018-01-04,-0.0002932124984620504,0.9688391285372645
2018-01-05,0.002876724463030011,0.9717158530002945
2018-01-08,0.0016075838689412413,0.9733234368692357
2018-01-09,-0.0007482856456937437,0.972575151223542
2018-01-10,-3.7013622256098956e-05,0.9725381376012858
2018-01-11,0.0012201081414594257,0.9737582457427453
2018-01-12,-0.0004556642248118081,0.9733025815179335
2018-01-16,-0.0024519397193868146,0.9708506417985466
2018-01-17,-0.004375662034345889,0.9664749797642008
2018-01-18,0.0013873636544265511,0.9678623434186273
2018-01-19,9.256125313112406e-05,0.9679549046717585
2018-01-22,-0.00030553253222016525,0.9676493721395383
2018-01-23,-0.00012533245915129224,0.967524039680387
2018-01-24,-0.0075795303492088685,0.9599445093311781
2018-01-25,0.0014428575706978736,0.961387366901876
2018-01-26,-0.003909393319562202,0.9574779735823138
2018-01-29,-0.0005152291895900036,0.9569627443927238
2018-01-30,0.0016766829022034691,0.9586394272949272
2018-01-31,0.0021622576164733952,0.9608016849114007
2018-02-01,-0.0024579063022553273,0.9583437786091453
2018-02-02,0.0011193811210171174,0.9594631597301625
2018-02-05,0.0024159848758109263,0.9618791446059733
2018-02-06,-0.0008528626916769744,0.9610262819142964
2018-02-07,0.003083255914254186,0.9641095378285506
2018-02-08,0.002511688664549802,0.9666212264931004
2018-02-09,0.005710629118677255,0.9723318556117777
2018-02-12,-0.005745415615410148,0.9665864399963675
2018-02-13,-0.0003000174113379309,0.9662864225850296
2018-02-14,-0.005007108601692349,0.9612793139833372
2018-02-15,-0.0009150779190846866,0.9603642360642526
2018-02-16,-0.0004101660651301528,0.9599540699991224
2018-02-20,0.0030158168826601565,0.9629698868817825
2018-02-21,0.00045608749482116103,0.9634259743766037
2018-02-22,-0.0018215713407434176,0.9616044030358603
2018-02-23,-0.0007916933867785032,0.9608127096490818
2018-02-26,-0.0014602293479711594,0.9593524803011106
2018-02-27,0.0016405692441360464,0.9609930495452467
2018-02-28,-0.0020634103496971505,0.9589296391955495
2018-03-01,0.0005141855154740221,0.9594438247110235
2018-03-02,0.0014074412081048083,0.9608512659191284
2018-03-05,-0.00340880381106324,0.9574424621080652
2018-03-06,-0.0021257445067686524,0.9553167176012964
2018-03-07,0.005343764091735163,0.9606604816930316
2018-03-08,0.0010796594743175336,0.9617401411673492
2018-03-09,0.00013343388070021585,0.9618735750480494
2018-03-12,0.0006873726175173996,0.9625609476655668
2018-03-13,-0.0007458267860235235,0.9618151208795432
2018-03-14,0.0002899462003765504,0.9621050670799198
2018-03-15,0.002979631860761317,0.9650846989406812
2018-03-16,0.0028894891396421744,0.9679741880803233
2018-03-19,0.005150654008355277,0.9731248420886786
2018-03-20,0.0020917187753897483,0.9752165608640683
2018-03-21,-0.0016578309171901128,0.9735587299468782
2018-03-22,0.0009199491948919482,0.9744786791417701
2018-03-23,0.0008050514039081978,0.9752837305456783
2018-03-26,-0.0004797091595271263,0.9748040213861512
2018-03-27,2.4036383245219988e-05,0.9748280577693964
2018-03-28,0.001237349705853204,0.9760654074752496
2018-03-29,-0.00037178199799747135,0.9756936254772521
2018-04-02,0.0006060015174990797,0.9762996269947513
2018-04-03,0.0001918879101912913,0.9764915149049426
2018-04-04,3.5999072422510045e-05,0.976527513977365
2018-04-05,-0.0034974167999386727,0.9730300971774264
2018-04-06,0.0005587745756778508,0.9735888717531043
2018-04-09,-0.007849606429765872,0.9657392653233383
2018-04-10,-0.00031720966275172594,0.9654220556605866
2018-04-11,-0.0003311661339996005,0.9650908895265871
2018-04-12,-0.00012891030004168194,0.9649619792265454
2018-04-13,-0.0019201057022012432,0.9630418735243441
2018-04-16,0.0006945950880893595,0.9637364686124335
2018-04-17,-0.0013049165565340133,0.9624315520558995
2018-04-18,-0.006481412626795897,0.9559501394291036
2018-04-19,0.002880569747461362,0.9588307091765649
2018-04-20,0.002796863647275779,0.9616275728238407
2018-04-23,0.002533092815589316,0.96416066563943
2018-04-24,-0.0033808822194888854,0.9607797834199411
2018-04-25,0.00018176605307221105,0.9609615494730134
2018-04-26,0.001117037553482962,0.9620785870264963
2018-04-27,-0.0023192242648395417,0.9597593627616567
2018-04-30,-0.001589938658685996,0.9581694241029708
2018-05-01,-7.94580112006455e-05,0.9580899660917701
2018-05-02,-0.0013399875013684296,0.9567499785904017
2018-05-03,-0.0021034224967939386,0.9546465560936077
2018-05-04,0.0011890594791111057,0.9558356155727189
2018-05-07,0.0008751013701536692,0.9567107169428726
2018-05-08,-0.00016413828809900302,0.9565465786547735
2018-05-09,-0.0009239704897090291,0.9556226081650645
2018-05-10,-0.0024669557542160723,0.9531556524108484
2018-05-11,0.0008649310263353897,0.9540205834371838
2018-05-14,0.0012613700814390367,0.9552819535186229
2018-05-15,0.0035920835027295913,0.9588740370213524
2018-05-16,-0.00024428021972250916,0.95862975680163
2018-05-17,-0.0010049592453003763,0.9576247975563296
2018-05-18,0.0014474998649912807,0.9590722974213208
2018-05-21,-0.003055254863366881,0.9560170425579539
2018-05-22,-0.0027322085671026707,0.9532848339908513
2018-05-23,0.0018784209959385304,0.9551632549867898
2018-05-24,0.001063383165231673,0.9562266381520215
2018-05-25,0.00020003294673018744,0.9564266710987517
2018-05-29,0.0026374655894029373,0.9590641366881546
2018-05-30,-0.0007287857105387538,0.9583353509776159
2018-05-31,0.00038773630302590246,0.9587230872806418
2018-06-01,0.0012913529651335171,0.9600144402457753
2018-06-04,0.007542216405380207,0.9675566566511555
2018-06-05,0.0008603778129258287,0.9684170344640813
2018-06-06,-0.005677685725349131,0.9627393487387321
2018-06-07,0.001790128252057554,0.9645294769907897
2018-06-08,-0.0008935429867449471,0.9636359340040448
2018-06-11,0.0005954636301269314,0.9642313976341718
2018-06-12,-0.0014143858387411794,0.9628170117954306
2018-06-13,0.0017690118254422647,0.9645860236208728
2018-06-14,0.0017411133733812698,0.9663271369942541
2018-06-15,0.0043587714734140155,0.9706859084676681
2018-06-18,0.0017145282202690483,0.9724004366879372
2018-06-19,0.006847526696576474,0.9792479633845136
2018-06-20,-0.0031042796672495487,0.9761436837172641
2018-06-21,0.0009344542624278779,0.977078137979692
2018-06-22,-0.0025743803314287024,0.9745037576482632
2018-06-25,0.005763928983670113,0.9802676866319333
2018-06-26,-0.0015546035885334597,0.9787130830433999
2018-06-27,-0.000993143391195643,0.9777199396522043
2018-06-28,0.0026786445132303415,0.9803985841654346
2018-06-29,-0.005323433886456577,0.9750751502789781
2018-07-02,0.007394430568365865,0.9824695808473439
2018-07-03,-0.00209907482548837,0.9803705060218555
2018-07-05,-0.00034600075030187527,0.9800245052715536
2018-07-06,-0.002776674272794942,0.9772478309987587
2018-07-09,0.0014177749662900884,0.9786656059650488
2018-07-10,0.003569893729877988,0.9822354996949267
2018-07-11,0.007317953640620668,0.9895534533355475
2018-07-12,-0.003239836889911837,0.9863136164456356
2018-07-13,0.0018838824410557045,0.9881974988866913
2018-07-16,0.001127113270352184,0.9893246121570435
2018-07-17,0.0018407795450965958,0.9911653917021401
2018-07-18,0.0008865079967035064,0.9920518996988436
2018-07-19,0.002372015168742354,0.994423914867586
2018-07-20,-0.0040153139679820074,0.9904086008996039
2018-07-23,0.001351417649103617,0.9917600185487075
2018-07-24,-0.000845353689811118,0.9909146648588965
2018-07-25,-0.00484476964994094,0.9860698952089555
2018-07-26,0.002609642124786381,0.9886795373337419
2018-07-27,0.0011834691308941659,0.9898630064646361
2018-07-30,-0.00121753033790492,0.9886454761267311
2018-07-31,-0.00025706023754630704,0.9883884158891848
2018-08-01,0.0037529130730387526,0.9921413289622236
2018-08-02,0.0013400256609005484,0.9934813546231241
2018-08-03,-0.0031700363939273996,0.9903113182291967
2018-08-06,-1.793986596675014e-05,0.99029337836323
2018-08-07,0.002073731061590475,0.9923671094248204
2018-08-08,0.0012566588895298362,0.9936237683143503
2018-08-09,-0.0008380634379322523,0.992785704876418
2018-08-10,0.004389981986613485,0.9971756868630315
2018-08-13,0.005387264453606791,1.0025629513166383
2018-08-14,-0.0011352375888191632,1.0014277137278191
2018-08-15,0.0075476316877400185,1.0089753454155592
2018-08-16,-0.004909740652172864,1.0040656047633862
2018-08-17,-0.0028430471188789544,1.0012225576445073
2018-08-20,0.0010256437591400003,1.0022482014036473
2018-08-21,-0.0014016282478841418,1.0008465731557632
2018-08-22,0.0015659160879440248,1.0024124892437072
2018-08-23,0.0021082454772692566,1.0045207347209766
2018-08-24,-0.0026833286633075083,1.001837406057669
2018-08-27,-0.001662947197501419,1.0001744588601675
2018-08-28,0.002833229024423214,1.0030076878845908
2018-08-29,-0.001683920676273763,1.001323767208317
2018-08-30,0.0020113403897437025,1.0033351075980608
2018-08-31,-0.0028837086772765344,1.0004513989207842
2018-09-04,0.0025051657517926548,1.0029565646725769
2018-09-05,0.0010315410586045038,1.0039881057311812
2018-09-06,0.0013418451165160667,1.0053299508476974
2018-09-07,-0.0008593964723002883,1.0044705543753971
2018-09-10,-0.0026079072582118144,1.0018626471171852
2018-09-11,0.003053982259671445,1.0049166293768568
2018-09-12,-0.0020455305517851773,1.0028710988250715
2018-09-13,0.002152056297455171,1.0050231551225268
2018-09-14,0.0019184096312331667,1.0069415647537598
2018-09-17,0.0019648458997856082,1.0089064106535455
2018-09-18,0.0003926508207950459,1.0092990614743405
2018-09-19,-0.0018677491905202983,1.0074313122838203
2018-09-20,-0.0031355269004655984,1.0042957853833547
2018-09-21,-0.0019180177403336635,1.002377767643021
2018-09-24,-0.0007353709407806537,1.0016423967022403
2018-09-25,-0.0006637762130932053,1.000978620489147
2018-09-26,0.0005956539258184587,1.0015742744149656
2018-09-27,0.0006262775798022504,1.0022005519947679
2018-09-28,-0.0017791349766231072,1.0004214170181447
2018-10-01,-0.0036148198001519625,0.9968065972179928
2018-10-02,-0.006281312947603546,0.9905252842703892
2018-10-03,-0.00011932602019333981,0.9904059582501958
2018-10-04,0.0004757722109395036,0.9908817304611354
2018-10-05,-0.0010737809889576773,0.9898079494721778
2018-10-08,-0.0008897521355067761,0.988918197336671
2018-10-09,-9.284227260093159e-05,0.98882535506407
2018-10-10,0.003075374082181628,0.9919007291462516
2018-10-11,-0.0006517034193205634,0.9912490257269311
2018-10-12,-0.0013394018806193756,0.9899096238463116
2018-10-15,-0.006036644665753318,0.9838729791805584
2018-10-16,-0.0003011575888760895,0.9835718215916823
2018-10-17,0.001339058652426868,0.9849108802441091
2018-10-18,0.00386430193153376,0.988775182175643
2018-10-19,-0.0006629869080425102,0.9881121952676004
2018-10-22,0.0010679677501021802,0.9891801630177026
2018-10-23,0.00019953546830104213,0.9893796984860036
2018-10-24,0.001936911057224399,0.991316609543228
2018-10-25,0.0026246075467205076,0.9939412170899485
2018-10-26,-0.002177830794838193,0.9917633862951103
2018-10-29,0.005314352919866252,0.9970777392149766
2018-10-30,0.00440859125594969,1.0014863304709263
2018-10-31,-0.0004573229954390767,1.0010290074754873
2018-11-01,-0.006443387449295783,0.9945856200261914
2018-11-02,-0.0033640290748029197,0.9912215909513885
2018-11-05,0.0005538521786896706,0.9917754431300781
2018-11-06,0.0029063350166496638,0.9946817781467279
2018-11-07,-0.0011948209784914366,0.9934869571682364
2018-11-08,0.003118700851281558,0.996605658019518
2018-11-09,0.004827681164545454,1.0014333391840635
2018-11-12,-0.0004894665508231538,1.0009438726332403
2018-11-13,-0.00025943077227747255,1.0006844418609628
2018-11-14,-0.004090462518866471,0.9965939793420964
2018-11-15,3.780640563667511e-05,0.996631785747733
2018-11-16,-0.0037919186078375555,0.9928398671398955
2018-11-19,-0.0010259972275112983,0.9918138699123842
2018-11-20,0.0049988243496086725,0.9968126942619928
2018-11-21,-0.0016333615288304498,0.9951793327331624
2018-11-23,0.003374903209599982,0.9985542359427624
2018-11-26,0.0021632772762894474,1.0007175132190518
2018-11-27,0.0017808041175984405,1.0024983173366502
2018-11-28,-0.005011769614642353,0.9974865477220078
2018-11-29,-0.0005464058971864216,0.9969401418248215
2018-11-30,0.001208858761376217,0.9981490005861977
2018-12-03,-0.004368526821890395,0.9937804737643073
2018-12-04,0.00012378408575547265,0.9939042578500628
2018-12-05,0.0019326601566960688,0.9958369180067588
2018-12-06,0.003942902252639232,0.999779820259398
2018-12-07,-0.004786615501728072,0.99499320475767
2018-12-10,0.004337008592071808,0.9993302133497418
2018-12-11,-0.0006947919121642212,0.9986354214375776
2018-12-12,-0.002495517818249121,0.9961399036193285
2018-12-13,-0.000464430023360601,0.9956754735959679
2018-12-14,0.003410837059197816,0.9990863106551656
2018-12-17,0.0015062786387736202,1.0005925892939393
2018-12-18,0.001068240789056332,1.0016608300829957
2018-12-19,-0.0008821608029436716,1.000778669280052
2018-12-20,0.002172178581392481,1.0029508478614444
2018-12-21,0.002902773120796363,1.0058536209822408
2018-12-24,0.0010383903923856486,1.0068920113746265
2018-12-26,-0.0008701939889318312,1.0060218173856945
2018-12-27,0.0009484087004650636,1.0069702260861597
2018-12-28,-0.0016935792837137781,1.0052766468024459
2018-12-31,0.0011786556079868642,1.0064553024104328
2019-01-02,7.048075069883887e-05,1.0065257831611316
2019-01-03,-0.001956868281685556,1.004568914879446
2019-01-04,-0.002571287867714114,1.001997627011732
2019-01-07,-0.0028347613334913217,0.9991628656782406
2019-01-08,-0.0026860118117740086,0.9964768538664666
2019-01-09,-0.001990980980203034,0.9944858728862636
2019-01-10,0.00142721178391771,0.9959130846701812
2019-01-11,-0.0005533883942027941,0.9953596962759784
2019-01-14,0.0021928733953004076,0.9975525696712789
2019-01-15,0.001954656476743083,0.999507226148022
2019-01-16,-0.0028864384427292862,0.9966207877052927
2019-01-17,-0.0011907135454542245,0.9954300741598384
2019-01-18,-0.001023430827792006,0.9944066433320464
2019-01-22,0.00371231287648515,0.9981189562085316
2019-01-23,-0.0017087606726083737,0.9964101955359232
2019-01-24,0.0007557272766365394,0.9971659228125598
2019-01-25,-0.003775504933642057,0.9933904178789177
2019-01-28,0.0006985651574634813,0.9940889830363812
2019-01-29,-0.00021323728047177218,0.9938757457559094
2019-01-30,-0.001597408390826445,0.992278337365083
2019-01-31,0.0007885817937633521,0.9930669191588464
2019-02-01,-0.001309944963979506,0.9917569741948669
2019-02-04,-0.002600173863514594,0.9891568003313522
2019-02-05,-0.0013477970578983773,0.9878090032734539
2019-02-06,0.0013920014398185493,0.9892010047132724
2019-02-07,0.004049152984512419,0.9932501576977848
2019-02-08,0.0004804682117050565,0.9937306259094899
2019-02-11,0.0035261768906350685,0.997256802800125
2019-02-12,-0.0024314457219093855,0.9948253570782155
2019-02-13,0.0007914016123369711,0.9956167586905526
2019-02-14,0.003697856137435441,0.999314614827988
2019-02-15,-0.000742608043322525,0.9985720067846654
2019-02-19,-0.0014873361928438432,0.9970846705918216
2019-02-20,-0.0008493238220781261,0.9962353467697435
2019-02-21,-0.0005047977011077024,0.9957305490686358
2019-02-22,-0.0030005880104040914,0.9927299610582316
2019-02-25,0.0037999912212763457,0.996529952279508
2019-02-26,-0.0012490109539497144,0.9952809413255583
2019-02-27,0.0007984692689760259,0.9960794105945343
2019-02-28,0.0017154551242841954,0.9977948657188185
2019-03-01,0.0036672151053411513,1.0014620808241597
2019-03-04,0.0035602130350098162,1.0050222938591695
2019-03-05,-0.0012322945364228416,1.0037899993227466
2019-03-06,0.0004306559535835821,1.0042206552763302
2019-03-07,0.0030732706511965176,1.0072939259275269
2019-03-08,-0.0022881311759241816,1.0050057947516027
2019-03-11,0.000995112344052954,1.0060009070956555
2019-03-12,-0.0043942393982305695,1.001606667697425
2019-03-13,-0.002057380063339727,0.9995492876340852
2019-03-14,0.0004725305979262532,1.0000218182320115
2019-03-15,-0.003574706992157893,0.9964471112398536
2019-03-18,-0.000802827244700663,0.9956442839951529
2019-03-19,-0.002159880966886129,0.9934844030282668
2019-03-20,-0.0025080168382434964,0.9909763861900233
2019-03-21,-0.0032303175352052073,0.9877460686548181
2019-03-22,0.0020637896779468223,0.9898098583327649
2019-03-25,-0.0005517082243648906,0.9892581501084
2019-03-26,0.0005722680734147231,0.9898304181818147
2019-03-27,0.00487391959624495,0.9947043377780597
2019-03-28,0.005858844525459873,1.0005631823035195
2019-03-29,0.0027514089226392184,1.0033145912261587
2019-04-01,-0.003993131256362491,0.9993214599697963
2019-04-02,-0.00012837415546922417,0.9991930858143271
2019-04-03,-0.0018239783965932975,0.9973691074177338
2019-04-04,-0.0030522789103400805,0.9943168285073937
2019-04-05,0.001543914305486927,0.9958607428128806
2019-04-08,0.0008350256323893131,0.99669576844527
2019-04-09,0.0020158968028873834,0.9987116652481574
2019-04-10,-0.0005715440159898031,0.9981401212321676
2019-04-11,0.004244255506544734,1.0023843767387122
2019-04-12,-0.004711981506163366,0.9976723952325489
2019-04-15,0.0006659360993391427,0.998338331331888
2019-04-16,0.004309639183509186,1.0026479705153972
2019-04-17,-0.0007361461965601329,1.0019118243188372
2019-04-18,-0.0008830580160529952,1.0010287663027841
2019-04-22,0.0025022174357980298,1.0035309837385822
2019-04-23,0.004903400410526501,1.0084343841491086
2019-04-24,0.0022662182873544345,1.010700602436463
2019-04-25,0.0008764376276665602,1.0115770400641295
2019-04-26,-0.0025874373890730816,1.0089896026750564
2019-04-29,0.001744057353376963,1.0107336600284336
2019-04-30,0.003149303279100757,1.0138829633075344
2019-05-01,0.001875670165629012,1.0157586334731632
2019-05-02,0.0012712908041542072,1.0170299242773175
2019-05-03,-0.0018011358685753698,1.015228788408742
2019-05-06,0.0041486036647447036,1.0193773920734868
2019-05-07,4.203843323277387e-06,1.01938159591681
2019-05-08,0.0016558968846555147,1.0210374928014656
2019-05-09,0.0011157770229472182,1.022153269824413
2019-05-10,-0.0017153899136894788,1.0204378799107234
2019-05-13,0.0028708953651776447,1.023308775275901
2019-05-14,-0.004862249966186255,1.0184465253097148
2019-05-15,-0.0007827077940195385,1.0176638175156951
2019-05-16,-0.0022169474696899553,1.0154468700460053
2019-05-17,0.0012389632669294786,1.0166858333129347
2019-05-20,-0.003926619817247923,1.0127592134956869
2019-05-21,-0.0010200699436210352,1.0117391435520657
2019-05-22,0.002476746874717952,1.0142158904267837
2019-05-23,-8.097744843679614e-05,1.014134912978347
2019-05-24,-0.0036762177387842485,1.0104586952395627
2019-05-28,-0.0022080533252029524,1.0082506419143598
2019-05-29,-0.001473901738416711,1.006776740175943
2019-05-30,-0.0007417006065460583,1.0060350395693969
2019-05-31,0.0041513963320715585,1.0101864359014685
2019-06-03,-0.001746994721833617,1.008439441179635
2019-06-04,-0.0018496671962011935,1.0065897739834337
2019-06-05,0.005474702530042223,1.0120644765134759
2019-06-06,-0.005694703203778415,1.0063697733096975
2019-06-07,0.0014145362881181948,1.0077843095978156
2019-06-10,-0.001321006973277203,1.0064633026245384
2019-06-11,-0.0019392623526620473,1.0045240402718765
2019-06-12,-0.0013993868370205764,1.003124653434856
2019-06-13,-0.0023436618285728444,1.000780991606283
2019-06-14,-8.421232059707092e-05,1.000696779285686
2019-06-17,-0.0007268620897508631,0.9999699171959351
2019-06-18,-0.0007349489036050415,0.99923496829233
2019-06-19,0.0036679863371689224,1.002902954629499
2019-06-20,-0.0026569727233346956,1.0002459819061642
2019-06-21,0.0013740726071765485,1.001620054513341
2019-06-24,-0.0009179512444998071,1.000702103268841
2019-06-25,-0.0002426326443699254,1.0004594706244712
2019-06-26,5.083938320305005e-05,1.0005103100076742
2019-06-27,-0.0018586490475619591,0.9986516609601122
2019-06-28,0.0009042415238079524,0.9995559024839201
2019-07-01,0.00045121560790892685,1.000007118091829
2019-07-02,0.0031902173190907893,1.0031973354109198
2019-07-03,-0.0040728367988812604,0.9991244986120386
2019-07-05,0.001325266325323021,1.0004497649373616
2019-07-08,-0.001603177164742897,0.9988465877726187
2019-07-09,-0.00026753292132311905,0.9985790548512956
2019-07-10,-0.003745260858443697,0.9948337939928519
2019-07-11,7.591086540288638e-05,0.9949097048582548
2019-07-12,-0.0008671267710322666,0.9940425780872225
2019-07-15,0.002661856664351831,0.9967044347515743
2019-07-16,0.003122210255918128,0.9998266450074925
2019-07-17,-0.0014311000296584361,0.998395544977834
2019-07-18,0.0020942357619979446,1.000489780739832
2019-07-19,-0.0032982574254555126,0.9971915233143764
2019-07-22,0.000809707720618257,0.9980012310349947
2019-07-23,-0.0005051441748536379,0.9974960868601411
2019-07-24,-0.0030569720092765277,0.9944391148508646
2019-07-25,0.0015966618156091582,0.9960357766664737
2019-07-26,0.0017578535407448514,0.9977936302072186
2019-07-29,-0.0015292274117125655,0.996264402795506
2019-07-30,0.0028770798957276607,0.9991414826912337
2019-07-31,0.004216631975450577,1.0033581146666843
2019-08-01,0.005375975174713032,1.0087340898413972
2019-08-02,0.000587911268979029,1.0093220011103763
2019-08-05,0.0018779788736325192,1.0111999799840088
2019-08-06,0.0009993698405398497,1.0121993498245487
2019-08-07,-0.001964584233415993,1.0102347655911328
2019-08-08,-0.002525648660534839,1.0077091169305978
2019-08-09,-0.0008374751328542876,1.0068716417977435
2019-08-12,0.005432371974533559,1.0123040137722772
2019-08-13,0.0035121207347965843,1.0158161345070738
2019-08-14,-0.0005234710018112705,1.0152926635052624
2019-08-15,0.001150258500003545,1.016442922005266
2019-08-16,-6.0220632100757623e-05,1.0163827013731652
2019-08-19,0.0021941288103996506,1.018576830183565
2019-08-20,0.0003669136806907518,1.0189437438642557
2019-08-21,-4.332906819316855e-05,1.0189004147960625
2019-08-22,0.001319032942493524,1.020219447738556
2019-08-23,0.0011938018680362008,1.0214132496065922
2019-08-26,-0.004523750783210802,1.0168894988233814
2019-08-27,0.00021809090637330903,1.0171075897297548
2019-08-28,-0.00367523175306246,1.0134323579766922
2019-08-29,-0.0017817725673798753,1.0116505854093123
2019-08-30,0.00028928526740698736,1.0119398706767193
2019-09-03,-0.0016568933598405087,1.0102829773168789
2019-09-04,-0.0040288548611223,1.0062541224557566
2019-09-05,0.0023734472075003965,1.008627569663257
2019-09-06,0.002107786306477846,1.0107353559697347
2019-09-09,-0.0011326464597408244,1.009602709509994
2019-09-10,-0.003749182582729535,1.0058535269272644
2019-09-11,-0.0023069897459238376,1.0035465371813406
2019-09-12,-0.005336642174878535,0.9982098950064621
2019-09-13,-0.0009826130550620222,0.9972272819514
2019-09-16,-0.004549206633004548,0.9926780753183955
2019-09-17,0.002189147765786907,0.9948672230841824
2019-09-18,0.00010331436394298968,0.9949705374481254
2019-09-19,0.0004864672086786213,0.995457004656804
2019-09-20,0.00024103829249033515,0.9956980429492943
2019-09-23,-0.0014509951898205268,0.9942470477594738
2019-09-24,0.0013283810298829832,0.9955754287893568
2019-09-25,0.002009279434666278,0.997584708224023
2019-09-26,-0.0010280452359824484,0.9965566629880406
2019-09-27,-0.0004894932033944757,0.9960671697846462
2019-09-30,0.0025702272958127324,0.9986373970804588
2019-10-01,0.0007592194309870685,0.999396616511446
2019-10-02,-0.00035506419378947057,0.9990415523176565
2019-10-03,-0.0016555136988704046,0.997386038618786
2019-10-04,0.0017683209889936794,0.9991543596077798
2019-10-07,0.0014864511453279378,1.0006408107531077
2019-10-08,-0.00264688165255884,0.9979939291005488
2019-10-09,-0.001310365246721046,0.9966835638538278
2019-10-10,0.0009346646498032257,0.997618228503631
2019-10-11,-0.004119191401153224,0.9934990371024778
2019-10-14,-0.0027330558902661966,0.9907659812122116
2019-10-15,0.0004164582449203952,0.991182439457132
2019-10-16,-0.0011902814828133985,0.9899921579743186
2019-10-17,-0.000247411148332494,0.9897447468259861
2019-10-18,-0.0007420122391984848,0.9890027345867876
2019-10-21,0.0011718198319087044,0.9901745544186963
2019-10-22,0.0002265285425151783,0.9904010829612115
2019-10-23,-0.0017445719181257164,0.9886565110430858
2019-10-24,-0.002698016367047476,0.9859584946760382
2019-10-25,-0.0019385894711432823,0.984019905204895
2019-10-28,0.0014492584095236107,0.9854691636144186
2019-10-29,-0.0011593527846751666,0.9843098108297434
2019-10-30,-0.0026098308971479497,0.9816999799325955
2019-10-31,0.0006595038121308786,0.9823594837447264
2019-11-01,-0.005712607346652182,0.9766468763980742
2019-11-04,0.0006495010288697688,0.977296377426944
2019-11-05,-0.000889151668686116,0.9764072257582579
2019-11-06,0.0014827839183741167,0.977890009676632
2019-11-07,0.0029047130002699466,0.9807947226769019
2019-11-08,0.0008543624804586404,0.9816490851573606
2019-11-11,0.0026925969441061464,0.9843416821014667
2019-11-12,-0.0004580012168680633,0.9838836808845987
2019-11-13,0.0016417497218679778,0.9855254306064666
2019-11-14,-0.001616006602703705,0.9839094240037629
2019-11-15,0.0008743115365521502,0.9847837355403151
2019-11-18,-0.0007978430899074761,0.9839858924504076
2019-11-19,-0.0010582467436752627,0.9829276457067323
2019-11-20,-0.0017878257670710985,0.9811398199396613
2019-11-21,-0.0006023012036405589,0.9805375187360207
2019-11-22,-9.855776070957653e-05,0.9804389609753111
2019-11-25,-0.0033316244285860673,0.977107336546725
2019-11-26,-0.0010388458156913823,0.9760684907310336
2019-11-27,0.0002243788278916841,0.9762928695589254
2019-11-29,2.311163858606946e-05,0.9763159811975114
2019-12-02,0.002454585160565143,0.9787705663580766
2019-12-03,-5.2318055844899305e-05,0.9787182483022316
2019-12-04,0.00042016253150516726,0.9791384108337368
2019-12-05,-2.456175017432954e-05,0.9791138490835625
2019-12-06,-0.0004731378817262397,0.9786407112018363
2019-12-09,-0.0018597581626083393,0.976780953039228
2019-12-10,-0.002480564622739202,0.9743003884164887
2019-12-11,-0.00023273119326699262,0.9740676572232218
2019-12-12,-0.004304987558587281,0.9697626696646344
2019-12-13,-0.0014406560311030754,0.9683220136335313
2019-12-16,-0.0055982122376843635,0.962723801395847
2019-12-17,0.0009301217367556893,0.9636539231326027
2019-12-18,0.0007125313212337336,0.9643664544538364
2019-12-19,-0.000541523365816968,0.9638249310880195
2019-12-20,0.0012872409811387935,0.9651121720691582
2019-12-23,0.00015266379762532992,0.9652648358667836
2019-12-24,-0.0015254818294477617,0.9637393540373358
2019-12-26,-0.0018768521996628434,0.961862501837673
2019-12-27,-0.0038257293150322225,0.9580367725226407
2019-12-30,-0.0008907750929340993,0.9571459974297066
2019-12-31,0.0002358719362199534,0.9573818693659266
